soil_type,slope_angle,elevation,vegetation_index,distance_to_mining_area,distance_to_construction_area,historical_landslide_zone,rainfall_intensity_mm,humidity,temperature,soil_moisture,seismic_activity,vibration_level,risk_level,data_source
laterite,26.84872702212366,1078.3463455138,0.516460296352746,1.003458202328525,12.660072383027686,1,55.0,84.0,24.5,0.6,0.0,0.2,Medium,imd_climatological_normal
rocky,31.04491652652473,1876.027883869347,0.5304403776410657,9.525587406992829,4.2069330294998935,1,55.0,84.0,24.5,0.6,0.0,0.28,Medium,imd_climatological_normal
silt,13.5671576530394,429.8426986853563,0.7186838667084237,15.412088496707415,7.2210664717716275,1,55.0,84.0,24.5,0.6,0.0,0.73,Medium,imd_climatological_normal
loam,16.817427870808345,727.5171836273269,0.5950279936270381,12.983511029031714,44.28502706778975,0,55.0,84.0,24.5,0.6,0.0,0.11,Medium,imd_climatological_normal
clay,13.557709592088129,285.0844351400527,0.6668669645182327,25.832060425908892,13.543780188120948,0,55.0,84.0,24.5,0.6,0.0,2.19,Medium,imd_climatological_normal
rocky,31.76297363995617,1924.7449115690954,0.7392023783451571,1.3709045428356352,60.0,0,55.0,84.0,24.5,0.6,0.0,0.29,Medium,imd_climatological_normal
clay,22.48095245495322,471.3182642229972,0.3656061841877749,80.0,32.52915590387656,0,55.0,84.0,24.5,0.6,0.0,1.64,Medium,imd_climatological_normal
loam,18.02035289405017,222.57322725173847,0.4054734698774265,80.0,0.7846108269204287,0,55.0,84.0,24.5,0.6,0.0,0.6,Medium,imd_climatological_normal
silt,23.963994047831196,417.3017198494581,0.823756341524068,70.29435164022547,5.878515074766081,1,55.0,84.0,24.5,0.6,0.0,0.24,Medium,imd_climatological_normal
silt,16.991912018407124,421.4318074502292,0.4083901307189915,77.8486062839963,0.5,0,55.0,84.0,24.5,0.6,0.0,0.88,Medium,imd_climatological_normal
loam,31.904815247409655,1235.667178639875,0.7679163712480679,42.67017962797085,4.620701272039955,0,55.0,84.0,24.5,0.6,0.0,0.04,Medium,imd_climatological_normal
laterite,28.578093128002408,835.3744818386158,0.5578166596010781,21.40343961576874,4.130155827962461,1,55.0,84.0,24.5,0.6,0.0,0.64,Medium,imd_climatological_normal
clay,35.52743481799186,1608.8912115332569,0.5928211735065896,0.5,1.2560375893124036,1,55.0,84.0,24.5,0.6,0.0,0.59,Medium,imd_climatological_normal
clay,18.88865441077913,465.23910649698047,0.7919070727909749,51.63352260002759,2.889795952943956,0,55.0,84.0,24.5,0.6,0.0,0.14,Medium,imd_climatological_normal
laterite,36.16438975289794,1007.5867061843426,0.5520220069702043,4.320342846090072,0.5,1,55.0,84.0,24.5,0.6,0.0,2.77,Critical,imd_climatological_normal
silt,1.916979052846635,67.44287767712126,0.4309872540433184,17.147937173627245,9.000488376011692,1,55.0,84.0,24.5,0.6,0.0,1.06,Medium,imd_climatological_normal
silt,11.78425446959043,379.3263162531414,0.7836367057109901,68.51299893051974,23.136752615694114,0,55.0,84.0,24.5,0.6,0.0,0.18,Medium,imd_climatological_normal
silt,10.100558639626142,60.792254821897274,0.7735102209618483,80.0,18.60760218463824,0,55.0,84.0,24.5,0.6,0.0,1.04,Medium,imd_climatological_normal
clay,14.22451578973357,569.01295779236,0.724049437297526,57.52638551477088,9.658817477566114,0,55.0,84.0,24.5,0.6,0.0,0.17,Medium,imd_climatological_normal
clay,19.542583218754906,418.49014690743275,0.5494282688003984,26.203046435274114,15.57341819708007,0,55.0,84.0,24.5,0.6,0.0,0.84,Medium,imd_climatological_normal
loam,10.644888527384115,304.56270423024625,0.6183638093590126,27.0098654632132,5.007786565355698,0,55.0,84.0,24.5,0.6,0.0,0.52,Medium,imd_climatological_normal
laterite,25.551397922607922,1540.6988602156025,0.6586111169443417,1.6295936020831807,34.26773628307181,1,55.0,84.0,24.5,0.6,0.0,1.24,Medium,imd_climatological_normal
loam,18.0381446475946,234.67828652294074,0.8072933980001439,24.855725140317897,2.047217581913016,0,55.0,84.0,24.5,0.6,0.0,0.2,Medium,imd_climatological_normal
loam,4.900645018783028,82.6195926716984,0.3985449059863784,80.0,5.315992343088475,0,55.0,84.0,24.5,0.6,0.0,0.74,Medium,imd_climatological_normal
rocky,43.653854451944255,1467.6551321929692,0.5877432620138224,16.880979159428968,11.53779702920976,1,55.0,84.0,24.5,0.6,0.0,2.59,Medium,imd_climatological_normal
loam,49.04590575833711,1822.3860544759702,0.63932608073923,12.170998613713863,5.632063333228009,1,55.0,84.0,24.5,0.6,0.0,1.38,Medium,imd_climatological_normal
clay,49.512456630590435,1501.4939804604073,0.3509618745404087,16.79720925256936,9.163361687629457,0,55.0,84.0,24.5,0.6,0.0,0.25,Medium,imd_climatological_normal
silt,20.99264368471436,317.8041159944408,0.2131247034069496,7.630839807776961,6.907754015993927,0,55.0,84.0,24.5,0.6,0.0,0.24,Medium,imd_climatological_normal
silt,6.947737849388621,65.43177365673735,0.5587504579359499,24.789748175620776,9.447979220460528,0,55.0,84.0,24.5,0.6,0.0,2.81,Medium,imd_climatological_normal
loam,41.69864644032345,1200.029367862688,0.6726243487957315,6.006589701967529,4.43758024711902,1,55.0,84.0,24.5,0.6,0.0,0.06,Medium,imd_climatological_normal
loam,13.5782833198874,584.1438330820268,0.6584273590877522,80.0,3.445286380634956,1,55.0,84.0,24.5,0.6,0.0,0.19,Medium,imd_climatological_normal
loam,21.28075437613625,2383.7138065023464,0.8703181644343706,23.896918107689594,60.0,0,55.0,84.0,24.5,0.6,0.0,0.88,Medium,imd_climatological_normal
loam,40.09660227030867,1466.6068185621125,0.8565281878364733,16.59621595526123,12.012601805894697,1,55.0,84.0,24.5,0.6,0.0,1.56,Medium,imd_climatological_normal
clay,11.778563125933086,744.7917897175555,0.42697733926504644,52.98614111004153,11.445805848846025,1,55.0,84.0,24.5,0.6,0.0,0.11,Medium,imd_climatological_normal
loam,14.99699566543736,417.06972827259233,0.5087035101182531,44.170103289428496,26.45036234225913,0,55.0,84.0,24.5,0.6,0.0,1.91,Medium,imd_climatological_normal
loam,1.7889979511052,395.2400979559204,0.7146121422530144,80.0,3.7407166615624603,0,55.0,84.0,24.5,0.6,0.0,0.55,Medium,imd_climatological_normal
clay,28.30958673499252,1700.9519195898904,0.5213278217426216,36.068717774611216,20.99224279458864,1,55.0,84.0,24.5,0.6,0.0,0.47,Medium,imd_climatological_normal
clay,12.812085857831743,542.1677176039973,0.40368929611126797,37.402496534791524,9.060859927885046,0,55.0,84.0,24.5,0.6,0.0,0.33,Medium,imd_climatological_normal
laterite,25.73150926466649,1087.4623078063605,0.6203681196396432,0.5,1.248580952944629,0,55.0,84.0,24.5,0.6,0.0,2.49,Medium,imd_climatological_normal
silt,11.610413229242994,586.3342466616123,0.6933435159965233,80.0,0.5,0,55.0,84.0,24.5,0.6,0.0,0.03,Medium,imd_climatological_normal
clay,20.49337664328964,1160.0992622731328,0.9052466983706308,8.748273406104305,11.930193525861137,0,55.0,84.0,24.5,0.6,0.0,0.19,Medium,imd_climatological_normal
silt,3.8253037282257725,87.89688904600565,0.3545562666923677,80.0,20.92519087613652,0,55.0,84.0,24.5,0.6,0.0,0.04,Medium,imd_climatological_normal
rocky,63.61590101047325,2228.151122696872,0.5748150016551193,74.57964848396516,16.87819822282477,1,55.0,84.0,24.5,0.6,0.0,0.29,Medium,imd_climatological_normal
silt,6.823045546769475,447.2372097273504,0.4454491329322591,19.483320077638165,0.5,0,55.0,84.0,24.5,0.6,0.0,0.46,Medium,imd_climatological_normal
clay,27.991824848409877,479.51690051082164,0.7441670078933533,12.688537125329685,1.034172674756891,0,55.0,84.0,24.5,0.6,0.0,0.06,Medium,imd_climatological_normal
laterite,2.951857235678361,1428.261602857899,0.5985522860570638,8.43230989297152,3.4218122798075403,1,55.0,84.0,24.5,0.6,0.0,0.41,Medium,imd_climatological_normal
clay,18.62830226581045,299.65848870815717,0.4685092187162963,6.7832224494414985,0.5,1,55.0,84.0,24.5,0.6,0.0,0.65,Medium,imd_climatological_normal
clay,18.223187681349827,522.8329098932502,0.7984687213325594,80.0,4.761394773211146,1,55.0,84.0,24.5,0.6,0.0,0.1,Medium,imd_climatological_normal
loam,25.318545814508717,671.0047498608078,0.5312944869804687,9.534622349669245,45.1164848729601,0,2.16,85.22,27.68,0.86,4.6,4.37,Medium,nasa_power
rocky,42.62322664021748,2320.5159983875137,0.7048421887466059,53.56641574647816,2.3495511225359373,0,55.0,84.0,24.5,0.6,0.0,0.08,Medium,imd_climatological_normal
clay,36.43646072604442,1616.3934792388663,0.8173350955946642,15.589158850582905,60.0,1,55.0,84.0,24.5,0.6,0.0,1.25,Medium,imd_climatological_normal
silt,43.0103776517795,707.3311207150107,0.695356192966391,15.800002754626641,30.782773564152443,0,55.0,84.0,24.5,0.6,0.0,2.09,Medium,imd_climatological_normal
clay,50.741421519103824,956.200054963176,0.8118780484080239,12.592874273979419,26.24101210454267,0,55.0,84.0,24.5,0.6,0.0,0.14,Medium,imd_climatological_normal
loam,10.302755612364432,613.4293591207925,0.504753681309779,30.35609694857483,5.8723476628003715,0,55.0,84.0,24.5,0.6,0.0,1.9,Medium,imd_climatological_normal
loam,39.470253061106405,2206.438725622684,0.5423484575038282,24.396712243712095,37.94011341566375,1,55.0,84.0,24.5,0.6,0.0,1.17,Medium,imd_climatological_normal
clay,30.274124429993364,646.0568153498277,0.7039064469574521,6.770935340960864,0.5,1,55.0,84.0,24.5,0.6,0.0,0.51,Medium,imd_climatological_normal
loam,34.952383713011294,2159.192711414146,0.868745970622782,1.336497362025802,1.512572371994056,1,55.0,84.0,24.5,0.6,0.0,1.11,Medium,imd_climatological_normal
loam,22.52322637464784,1316.5524720242788,0.6327966999880258,26.620899157061576,1.3428397280697444,0,55.0,84.0,24.5,0.6,0.0,0.51,Medium,imd_climatological_normal
loam,1.6371465020600855,104.85049466594174,0.6964481199831051,51.09147214828235,2.49983209542505,0,55.0,84.0,24.5,0.6,0.0,0.62,Medium,imd_climatological_normal
clay,1.0,83.13915681974956,0.7666582008955319,41.17706811455588,0.5,0,55.0,84.0,24.5,0.6,0.0,0.56,Medium,imd_climatological_normal
clay,36.77326207418293,1512.32061212231,0.6047790206114708,9.28077535844493,25.072410254757898,1,55.0,84.0,24.5,0.6,0.0,1.76,Medium,imd_climatological_normal
clay,30.68074875256052,1702.4474912117746,0.8542808580714174,76.2891395573962,3.50698560438864,1,55.0,84.0,24.5,0.6,0.0,0.0,Medium,imd_climatological_normal
silt,27.40887108836374,258.2671748611992,0.15110302855091579,20.759492632417953,0.647170872358056,1,55.0,84.0,24.5,0.6,0.0,0.02,Medium,imd_climatological_normal
rocky,31.191079655758468,2806.582821668795,0.7208229112455626,35.222009340947984,60.0,1,55.0,84.0,24.5,0.6,0.0,1.83,Medium,imd_climatological_normal
loam,21.19673962470861,237.8649112034817,0.8690527332952948,80.0,0.5,0,55.0,84.0,24.5,0.6,0.0,0.52,Medium,imd_climatological_normal
loam,17.008191408093765,326.69497986405815,0.7083658534505168,12.414436691471497,5.718979118880877,0,55.0,84.0,24.5,0.6,0.0,0.03,Medium,imd_climatological_normal
loam,18.495429234383955,1144.2574719946351,0.5828364966850076,23.37737241978931,40.33886516395187,1,55.0,84.0,24.5,0.6,0.0,0.85,Medium,imd_climatological_normal
clay,48.18350849951827,842.6310354575098,0.95,20.479244408889148,5.4787394019057585,1,55.0,84.0,24.5,0.6,0.0,1.01,Medium,imd_climatological_normal
loam,25.790775280708946,371.0820768686656,0.7657365103226862,3.3503384462179695,48.98165702902422,0,55.0,84.0,24.5,0.6,0.0,0.44,Medium,imd_climatological_normal
laterite,39.64725943138887,727.46469619792,0.5121791031944988,12.01277882063056,1.145382626340097,0,55.0,84.0,24.5,0.6,0.0,0.89,Medium,imd_climatological_normal
loam,28.70815590911318,302.7733176547449,0.7305577938961737,50.645929844651576,2.444754938250452,1,55.0,84.0,24.5,0.6,0.0,1.28,Medium,imd_climatological_normal
clay,32.803723269166035,3367.018923812531,0.7113996364696854,2.3774611538521047,25.396363358122297,1,55.0,84.0,24.5,0.6,0.0,0.08,Medium,imd_climatological_normal
loam,6.972841803145215,391.3542346694954,0.42339149998880554,80.0,34.489834837509406,1,55.0,84.0,24.5,0.6,0.0,0.69,Medium,imd_climatological_normal
silt,54.1631036194821,1455.6351431081694,0.7871730878701374,18.368016199426123,60.0,0,55.0,84.0,24.5,0.6,0.0,0.02,Medium,imd_climatological_normal
clay,19.03608606362693,604.9000374095865,0.6998839359857709,4.83828042625675,3.6438368154552236,1,55.0,84.0,24.5,0.6,0.0,0.14,Medium,imd_climatological_normal
clay,8.08097756816632,852.0993375352195,0.6386313144716312,30.477552428178207,12.70433565854242,0,55.0,84.0,24.5,0.6,0.0,0.72,Medium,imd_climatological_normal
clay,41.23723280264331,743.2775646405912,0.6145455927280657,25.356638092440264,6.20727906430721,1,55.0,84.0,24.5,0.6,0.0,0.46,Medium,imd_climatological_normal
loam,40.466422027126505,1587.7246778259516,0.6688603584965698,5.203018351838067,1.3545858791902456,1,55.0,84.0,24.5,0.6,0.0,1.39,Medium,imd_climatological_normal
silt,14.064322517076588,337.17290885879123,0.41745264785828445,80.0,38.71544360177228,0,55.0,84.0,24.5,0.6,0.0,2.58,Medium,imd_climatological_normal
clay,18.426195832170656,1442.8528166799679,0.8549157483498502,4.289048963069588,4.496440928028733,1,55.0,84.0,24.5,0.6,0.0,0.96,Medium,imd_climatological_normal
silt,14.225282350008085,454.0871744920453,0.8282183327472687,1.2968795881774635,1.7312037928803603,0,55.0,84.0,24.5,0.6,0.0,0.66,Medium,imd_climatological_normal
loam,16.487455440363608,533.5576744880896,0.4912490762315784,4.2924609627195505,11.03329596209985,1,55.0,84.0,24.5,0.6,0.0,0.73,Medium,imd_climatological_normal
clay,33.209674800783134,901.2141291823084,0.7272174352110569,15.152049500472888,2.875689665933511,0,55.0,84.0,24.5,0.6,0.0,0.51,Medium,imd_climatological_normal
laterite,27.955600682726406,611.5946029959565,0.2793685864488515,6.878664782435548,5.618464203070205,0,55.0,84.0,24.5,0.6,0.0,0.68,Medium,imd_climatological_normal
clay,17.122695082850104,413.8199098869044,0.42803891748680495,24.788064128376924,1.4001651317393682,0,55.0,84.0,24.5,0.6,0.0,0.32,Medium,imd_climatological_normal
loam,25.71703249312018,1486.2823996266036,0.4576957720077898,5.267990385242115,4.9468712564505966,1,55.0,84.0,24.5,0.6,0.0,0.08,Medium,imd_climatological_normal
loam,23.752696596366974,311.0010965424694,0.8328643606352485,21.05831871360694,8.611469384338656,0,55.0,84.0,24.5,0.6,0.0,1.65,Medium,imd_climatological_normal
loam,40.97429372666112,3500.0,0.68600862238345,10.844679504416831,43.05647430749461,1,55.0,84.0,24.5,0.6,0.0,1.13,Medium,imd_climatological_normal
loam,10.596353503682252,387.3171007335675,0.6506004954818141,8.047277922961475,22.72045501086858,1,55.0,84.0,24.5,0.6,0.0,0.07,Medium,imd_climatological_normal
sandy_loam,20.225002164029608,1421.3696738377264,0.95,1.2300736607573317,3.35163265578566,0,55.0,84.0,24.5,0.6,0.0,1.73,Medium,imd_climatological_normal
silt,14.462627472521776,238.45242984564987,0.6509184720589934,21.51765065054486,5.265383925734422,0,55.0,84.0,24.5,0.6,0.0,0.25,Medium,imd_climatological_normal
clay,17.831786630251774,50.0,0.4992835218778643,22.854758112899667,13.293356774961019,0,55.0,84.0,24.5,0.6,0.0,0.12,Medium,imd_climatological_normal
loam,14.264313890993991,377.0017169896408,0.7223123894719232,80.0,7.797682766263662,0,55.0,84.0,24.5,0.6,0.0,3.28,Medium,imd_climatological_normal
rocky,31.117951898387105,1226.0902840313738,0.6928649291884859,41.20375190400936,41.61461812890245,0,55.0,84.0,24.5,0.6,0.0,0.36,Medium,imd_climatological_normal
loam,17.944456477507753,340.3961369465572,0.8876444225356894,58.65343150870482,17.859992676690347,0,55.0,84.0,24.5,0.6,0.0,0.32,Medium,imd_climatological_normal
clay,33.70655804941213,533.0038309460627,0.3510154330839577,0.5,5.356465487493065,1,55.0,84.0,24.5,0.6,0.0,0.76,Medium,imd_climatological_normal
silt,25.382148013920695,94.92900310500167,0.14846113978680547,54.67351189385946,1.6686671400879134,0,55.0,84.0,24.5,0.6,0.0,0.29,Medium,imd_climatological_normal
clay,42.28130305640952,2063.5031095083186,0.7052981022851692,48.874760474078165,4.520386125278051,1,55.0,84.0,24.5,0.6,0.0,1.95,Medium,imd_climatological_normal
silt,32.882469465457184,1656.963820796405,0.7594721489776657,11.425127071475337,0.5,0,55.0,84.0,24.5,0.6,0.0,0.71,Medium,imd_climatological_normal
laterite,24.468377327610277,1084.1990641202974,0.739551658741057,80.0,1.1189630986901484,1,55.0,84.0,24.5,0.6,0.0,0.1,Medium,imd_climatological_normal
clay,21.066984413027658,604.7701679587632,0.7516273001106861,53.216155344085145,14.03790958882427,0,55.0,84.0,24.5,0.6,0.0,0.9,Medium,imd_climatological_normal
loam,35.12501510930646,3440.5316167887795,0.7934558229848078,20.714563901392196,2.8313922811446375,0,55.0,84.0,24.5,0.6,0.0,0.2,Medium,imd_climatological_normal
clay,6.17126881846888,313.96933143502974,0.7813062315197457,1.5757659558873476,10.317563633375773,1,55.0,84.0,24.5,0.6,0.0,0.22,Medium,imd_climatological_normal
loam,8.229242988820538,50.0,0.5212042425539961,27.56294491527959,39.790096536975305,0,55.0,84.0,24.5,0.6,0.0,0.8,Medium,imd_climatological_normal
loam,30.182594854218593,1729.8300540954806,0.7936969796206973,80.0,0.5,0,55.0,84.0,24.5,0.6,0.0,0.09,Medium,imd_climatological_normal
clay,14.593512120422675,624.0680255757925,0.6136244977036233,23.389067065259724,2.490418574981568,0,55.0,84.0,24.5,0.6,0.0,1.21,Medium,imd_climatological_normal
silt,19.81770141487589,580.9654925261073,0.43955156547669166,69.45575947394164,5.664604664670952,1,55.0,84.0,24.5,0.6,0.0,0.12,Medium,imd_climatological_normal
rocky,43.32476869521741,50.0,0.8468939376311172,53.55379329624898,60.0,1,55.0,84.0,24.5,0.6,0.0,1.02,Medium,imd_climatological_normal
silt,57.41155721023825,491.0013926179777,0.7320770909485687,5.222701999576809,9.71853401639626,0,55.0,84.0,24.5,0.6,0.0,6.46,Medium,imd_climatological_normal
loam,8.991472764095725,143.17660692523287,0.7649070152352213,10.069471854990761,0.5,1,55.0,84.0,24.5,0.6,0.0,0.35,Medium,imd_climatological_normal
clay,16.09176760709711,243.44004416647886,0.8944437994340495,31.689706596454464,26.83510048229,0,55.0,84.0,24.5,0.6,0.0,0.52,Medium,imd_climatological_normal
loam,10.590248735285275,287.58045479576776,0.825500363468306,49.28630254936428,9.66671295341533,1,55.0,84.0,24.5,0.6,0.0,1.36,Medium,imd_climatological_normal
clay,32.85839990594584,3500.0,0.6208378103174522,44.40323734759516,19.585245959965242,0,55.0,84.0,24.5,0.6,0.0,0.09,Medium,imd_climatological_normal
clay,2.3774862309025484,93.63562327712978,0.13115459125838957,64.55056140579568,7.781941221824067,0,55.0,84.0,24.5,0.6,0.0,2.15,Medium,imd_climatological_normal
rocky,30.916587035522923,1028.9939515432288,0.7400043851741894,80.0,1.471777759468496,0,55.0,84.0,24.5,0.6,0.0,0.27,Medium,imd_climatological_normal
loam,34.55798361847775,610.6860054824806,0.95,12.16649417511886,60.0,1,55.0,84.0,24.5,0.6,0.0,0.27,Medium,imd_climatological_normal
clay,6.398541643469498,67.17751078276093,0.437512174640288,22.92861096896573,16.518628616867957,1,55.0,84.0,24.5,0.6,0.0,0.7,Medium,imd_climatological_normal
loam,42.98725269256479,2550.4934964244194,0.6453997234302515,10.242509876706746,33.866537752068076,0,55.0,84.0,24.5,0.6,0.0,0.1,Medium,imd_climatological_normal
loam,10.586987123022588,369.4561593786199,0.743647491058498,3.2121306977557524,18.449518440620388,1,55.0,84.0,24.5,0.6,0.0,0.6,Medium,imd_climatological_normal
silt,33.11479283685289,1593.017042805612,0.6539310976274768,8.937042555815559,10.571236285728787,0,55.0,84.0,24.5,0.6,0.0,0.11,Medium,imd_climatological_normal
loam,35.64063385265711,2047.9534654028084,0.7718550130547868,11.660433781126203,15.551706229728962,1,55.0,84.0,24.5,0.6,0.0,0.36,Medium,imd_climatological_normal
silt,10.846917679192888,448.14682807900766,0.7863034425485899,80.0,5.287710591587689,1,55.0,84.0,24.5,0.6,0.0,2.76,Medium,imd_climatological_normal
silt,1.0,50.809248999327025,0.6304863441260316,73.2948518996912,12.412084316248524,0,55.0,84.0,24.5,0.6,0.0,0.53,Medium,imd_climatological_normal
silt,27.91704732623551,267.9576335024703,0.6901367141809679,80.0,15.173701793740053,0,55.0,84.0,24.5,0.6,0.0,0.44,Medium,imd_climatological_normal
silt,12.985490574584201,417.53210734496355,0.6338224013457217,5.671391882061464,13.8197553125007,0,55.0,84.0,24.5,0.6,0.0,0.88,Medium,imd_climatological_normal
sandy_loam,33.03039852354522,940.4887042839829,0.24219126810069064,3.3811818195017245,6.8113737282377755,1,55.0,84.0,24.5,0.6,0.0,0.03,Medium,imd_climatological_normal
loam,33.75667659980609,1315.826455687271,0.6948819688127681,1.311508050599435,1.705834348811749,0,55.0,84.0,24.5,0.6,0.0,0.27,Medium,imd_climatological_normal
clay,58.45583350669557,1821.6282251489117,0.5242230415567817,15.172859403197029,10.79335078385143,1,55.0,84.0,24.5,0.6,0.0,1.32,Medium,imd_climatological_normal
silt,44.669581288414776,1168.879291223686,0.3549993000092888,3.178947042662476,1.7701601411896726,0,55.0,84.0,24.5,0.6,0.0,1.17,Medium,imd_climatological_normal
laterite,14.942921050729986,969.6263661558796,0.7545515351932278,19.787601356988084,9.226701596021869,1,55.0,84.0,24.5,0.6,0.0,1.05,Medium,imd_climatological_normal
clay,44.0449211789416,1377.0304410381484,0.7714893027520662,53.76762304466197,6.001327269667693,1,55.0,84.0,24.5,0.6,0.0,0.77,Medium,imd_climatological_normal
clay,20.839862298207223,136.30523368928138,0.828542625757207,40.63116097820217,3.5677345241167444,1,55.0,84.0,24.5,0.6,0.0,1.58,Medium,imd_climatological_normal
loam,20.568320826862905,524.6794437552912,0.8320929960035064,57.453844374819774,17.3194036576831,0,55.0,84.0,24.5,0.6,0.0,1.75,Medium,imd_climatological_normal
clay,25.621861885982646,1315.3783173479726,0.8301825778978049,7.442266959791759,3.397100123843499,1,55.0,84.0,24.5,0.6,0.0,5.93,High,imd_climatological_normal
silt,10.756676517663346,432.0027130192391,0.6524891364617699,80.0,0.5,0,55.0,84.0,24.5,0.6,0.0,2.17,Medium,imd_climatological_normal
silt,7.450693459278828,90.43569290293698,0.6367310935138856,12.247243253932773,0.6903098713474104,0,55.0,84.0,24.5,0.6,0.0,0.25,Medium,imd_climatological_normal
clay,34.77042938456864,1628.2741291657935,0.7821043122209015,16.386651938371894,30.41315110255156,0,55.0,84.0,24.5,0.6,0.0,0.26,Medium,imd_climatological_normal
loam,26.89586146615839,2125.58783422599,0.4374325995599295,63.49345879955048,15.698876613600488,1,55.0,84.0,24.5,0.6,0.0,0.05,Medium,imd_climatological_normal
laterite,18.957182768398795,924.4052836512469,0.4887361117245537,8.772055295086762,37.0471454962586,0,55.0,84.0,24.5,0.6,0.0,0.28,Medium,imd_climatological_normal
loam,59.541309150116,3500.0,0.9366927682974346,1.6745942490728958,5.74758311978991,0,55.0,84.0,24.5,0.6,0.0,0.19,Medium,imd_climatological_normal
silt,11.043512184103921,491.38385542570126,0.6137961875967589,56.71696212031692,4.439515309395344,1,55.0,84.0,24.5,0.6,0.0,0.86,Medium,imd_climatological_normal
loam,24.185240612119387,2018.512526222118,0.7689457948390372,25.332443335252837,9.388067398121024,1,55.0,84.0,24.5,0.6,0.0,2.61,Medium,imd_climatological_normal
loam,25.325517490274834,549.0077696797891,0.8545990349867532,10.232160453398114,0.5259789913663866,0,55.0,84.0,24.5,0.6,0.0,0.9,Medium,imd_climatological_normal
loam,54.730171264641854,105.08357791453614,0.42217004166869987,80.0,21.660251947033668,0,55.0,84.0,24.5,0.6,0.0,0.14,Medium,imd_climatological_normal
loam,24.75821453071602,1427.0370230442745,0.6318166843668299,29.229820563801635,6.156879162497332,0,55.0,84.0,24.5,0.6,0.0,0.5,Medium,imd_climatological_normal
loam,33.236248619041724,319.5237394933751,0.2223256853014817,42.149426643079074,3.2089453206697005,0,55.0,84.0,24.5,0.6,0.0,1.47,Medium,imd_climatological_normal
clay,16.997640691685753,541.1942629919993,0.1642173488474235,3.5023924289223833,1.8547653277947966,1,55.0,84.0,24.5,0.6,0.0,0.82,Medium,imd_climatological_normal
clay,37.49515974607265,50.0,0.8333937939850717,1.2033700568949,4.9484267292733595,1,55.0,84.0,24.5,0.6,0.0,0.12,Medium,imd_climatological_normal
clay,1.5226707674773436,113.1113245490505,0.15036598803828452,13.26300156338389,6.053631942151769,1,55.0,84.0,24.5,0.6,0.0,1.14,Medium,imd_climatological_normal
silt,10.309930007440004,50.0,0.9371585644676772,80.0,1.315974051488301,0,55.0,84.0,24.5,0.6,0.0,0.2,Medium,imd_climatological_normal
clay,8.029962578574185,66.32393454090993,0.4315013217694752,80.0,4.362654999506441,1,55.0,84.0,24.5,0.6,0.0,1.6,Medium,imd_climatological_normal
laterite,40.84462207440429,747.7449104409511,0.691588384634677,2.2326550753691676,8.924303507280957,0,55.0,84.0,24.5,0.6,0.0,2.44,Medium,imd_climatological_normal
rocky,40.992441427535844,851.4063369339531,0.913552205955827,34.65302021590592,40.20757877447803,0,55.0,84.0,24.5,0.6,0.0,5.69,High,imd_climatological_normal
clay,29.54152230357804,2754.5713452568807,0.581129503625137,33.886795336065106,4.206726584795973,0,55.0,84.0,24.5,0.6,0.0,0.21,Medium,imd_climatological_normal
loam,20.472074692823824,1456.6624283710387,0.49245192600297977,35.104744003554636,12.772953670111969,0,55.0,84.0,24.5,0.6,0.0,2.03,Medium,imd_climatological_normal
clay,63.6870746671911,2098.750105200869,0.6323016694553603,27.572052618247753,10.383777646499697,1,55.0,84.0,24.5,0.6,0.0,0.6,Medium,imd_climatological_normal
loam,28.293331270687023,160.42292730453204,0.4450656853850442,24.35416447615476,1.8964982319862358,1,55.0,84.0,24.5,0.6,0.0,0.39,Medium,imd_climatological_normal
rocky,53.972275006265505,2575.1639152185585,0.31669394315588323,80.0,60.0,0,55.0,84.0,24.5,0.6,0.0,0.14,Medium,imd_climatological_normal
rocky,28.72870068067082,1923.815627645876,0.7129082552551346,34.93974275397749,60.0,1,55.0,84.0,24.5,0.6,0.0,1.48,Medium,imd_climatological_normal
loam,4.425471050351414,67.95964601002112,0.38665373504595574,70.5752144518306,1.6550532379694534,0,55.0,84.0,24.5,0.6,0.0,0.27,Medium,imd_climatological_normal
loam,23.632441009509897,2134.5911896556972,0.8601769010550557,25.99511121328831,15.739060966966967,1,55.0,84.0,24.5,0.6,0.0,0.09,Medium,imd_climatological_normal
loam,34.90209991639553,780.0087218975098,0.5852713193905408,3.1612118685064696,10.006564286257365,0,55.0,84.0,24.5,0.6,0.0,0.43,Medium,imd_climatological_normal
clay,39.64647388579611,632.0668658390937,0.5723209586714102,52.03277600951756,60.0,1,55.0,84.0,24.5,0.6,0.0,0.1,Medium,imd_climatological_normal
laterite,25.527247708043138,905.0517249474034,0.4864434425002438,28.55478599642551,3.231139551368912,1,55.0,84.0,24.5,0.6,0.0,1.17,Medium,imd_climatological_normal
loam,22.615020378538848,459.2299300898085,0.47794275226747457,28.381299304466857,20.67487873448552,1,55.0,84.0,24.5,0.6,0.0,0.04,Medium,imd_climatological_normal
silt,17.70162984664117,672.4289221976253,0.6502509767298198,30.92903749270111,19.708601283973866,1,55.0,84.0,24.5,0.6,0.0,2.23,Medium,imd_climatological_normal
clay,22.10825449982491,382.7996978170481,0.3047269013728533,42.49303417263982,2.8014206451573624,0,55.0,84.0,24.5,0.6,0.0,0.2,Medium,imd_climatological_normal
loam,25.869817632904457,413.95069964826604,0.48430176969160715,12.660647053672582,11.923707247841653,0,55.0,84.0,24.5,0.6,0.0,0.36,Medium,imd_climatological_normal
clay,27.16541967358535,270.7759020063527,0.559380579980328,80.0,5.427983749455012,1,55.0,84.0,24.5,0.6,0.0,1.08,Medium,imd_climatological_normal
laterite,11.113314011803075,1402.2963776055656,0.3642369843982113,5.699831579598143,2.2966482282500498,0,55.0,84.0,24.5,0.6,0.0,0.13,Medium,imd_climatological_normal
silt,12.920184561326463,377.5513941423596,0.4086753810723294,80.0,1.6733135672368142,0,55.0,84.0,24.5,0.6,0.0,1.11,Medium,imd_climatological_normal
silt,1.0,448.7978183021527,0.29282024791349837,17.086935674718983,21.451697166200972,0,55.0,84.0,24.5,0.6,0.0,5.77,Medium,imd_climatological_normal
loam,23.76149123216204,932.4744967747872,0.5688804982693136,43.66338039434694,0.7112087982174714,1,55.0,84.0,24.5,0.6,0.0,0.16,Medium,imd_climatological_normal
clay,55.98079922796246,1477.9023660442126,0.5586021813459919,51.68585246871,33.45290477150272,1,55.0,84.0,24.5,0.6,0.0,0.53,Medium,imd_climatological_normal
clay,20.003756953287812,321.0896568553872,0.4887600650103778,11.769313334094164,1.628973984536895,0,55.0,84.0,24.5,0.6,0.0,1.06,Medium,imd_climatological_normal
clay,19.412162452189918,286.92722937946894,0.54535990791387,10.108196732678369,1.876991034526838,1,55.0,84.0,24.5,0.6,0.0,1.1,Medium,imd_climatological_normal
clay,39.60987421678177,50.0,0.6250445038040852,18.1956817273483,33.7057573683674,0,55.0,84.0,24.5,0.6,0.0,1.1,Medium,imd_climatological_normal
clay,6.05265186624556,556.5452907942077,0.8153201040308153,16.86349285427234,9.537821547020815,0,55.0,84.0,24.5,0.6,0.0,0.71,Medium,imd_climatological_normal
loam,28.80031961581759,306.97629566808394,0.4852023544415308,25.374100831387427,21.02795196862711,0,55.0,84.0,24.5,0.6,0.0,0.23,Medium,imd_climatological_normal
laterite,17.19601315096971,783.3838463295267,0.7358577616154865,6.647235630364123,11.128287438191599,1,55.0,84.0,24.5,0.6,0.0,0.91,Medium,imd_climatological_normal
laterite,17.171796715135162,890.3397059857566,0.45539411615638364,12.99187827848869,3.7219746970565994,1,36.17,88.14,26.27,0.76,0.0,5.92,High,nasa_power
rocky,28.867699049846138,1156.8210303573637,0.32671043309811554,18.211135276165063,40.37575117820313,1,55.0,84.0,24.5,0.6,0.0,0.86,Medium,imd_climatological_normal
loam,25.15780449142462,325.4371175271986,0.8305347482351215,19.330079939178944,0.5952307369208442,0,55.0,84.0,24.5,0.6,0.0,1.54,Medium,imd_climatological_normal
silt,5.136554502128916,75.22189916756182,0.9237152938841658,37.971122116279254,4.423558418516982,0,55.0,84.0,24.5,0.6,0.0,0.45,Medium,imd_climatological_normal
clay,41.304717572519245,3152.3219798208197,0.7684280497121921,3.9985454699905403,28.993860797453888,0,55.0,84.0,24.5,0.6,0.0,0.51,Medium,imd_climatological_normal
sandy_loam,23.673273842255234,918.2315705725822,0.7208760629809261,11.818831083453917,5.70431739407938,1,55.0,84.0,24.5,0.6,0.0,0.02,Medium,imd_climatological_normal
loam,7.96311577205384,257.4564752989927,0.9086160289649298,15.21332997183234,5.743151936377825,0,55.0,84.0,24.5,0.6,0.0,0.17,Medium,imd_climatological_normal
clay,51.5007917955835,2025.8055085721476,0.6956938877293268,0.5,60.0,1,55.0,84.0,24.5,0.6,0.0,0.5,Medium,imd_climatological_normal
clay,23.668675416520628,50.0,0.8552970885675621,80.0,60.0,0,55.0,84.0,24.5,0.6,0.0,0.57,Medium,imd_climatological_normal
rocky,25.099354414756217,1267.827650193969,0.6442481597376086,11.260310447812529,9.260863761600845,1,55.0,84.0,24.5,0.6,0.0,0.57,Medium,imd_climatological_normal
clay,52.88441754892507,3398.775382767155,0.5451302826680736,3.310392474812441,50.49536427663908,0,55.0,84.0,24.5,0.6,0.0,0.12,Medium,imd_climatological_normal
loam,1.0,253.83145367879965,0.6042296430399595,27.604177438731497,2.925315831667363,0,55.0,84.0,24.5,0.6,0.0,1.09,Medium,imd_climatological_normal
loam,33.7779648404028,2893.1882341280116,0.717269308416847,33.971041809527414,60.0,1,55.0,84.0,24.5,0.6,0.0,1.31,Medium,imd_climatological_normal
loam,40.55317491528943,1245.4754068729023,0.6113068969171186,47.814475625720426,60.0,0,55.0,84.0,24.5,0.6,0.0,0.38,Medium,imd_climatological_normal
clay,15.353853934702832,536.449575775262,0.5375458478612554,24.108871275085527,17.8637144215809,0,55.0,84.0,24.5,0.6,0.0,2.06,Medium,imd_climatological_normal
clay,51.24918276744925,1344.9719208360411,0.2798128037015969,80.0,18.35997017978984,0,55.0,84.0,24.5,0.6,0.0,1.4,Medium,imd_climatological_normal
clay,11.97476160831081,1641.099947109923,0.6683822420791603,9.843263630806096,13.295972583220085,0,55.0,84.0,24.5,0.6,0.0,0.01,Medium,imd_climatological_normal
silt,30.33551773227627,379.96659207238145,0.5197949260675829,49.41101943863915,12.1106816303563,0,55.0,84.0,24.5,0.6,0.0,1.25,Medium,imd_climatological_normal
loam,16.699921306563102,289.3798261867146,0.6704121954006258,43.69588895009299,10.427879076423416,0,55.0,84.0,24.5,0.6,0.0,0.28,Medium,imd_climatological_normal
clay,59.994969121353094,1634.1508212564408,0.8582117613944187,8.19980216616431,18.110465352559892,0,55.0,84.0,24.5,0.6,0.0,0.32,Medium,imd_climatological_normal
laterite,41.47069663034202,1562.2758193910267,0.697501238032373,23.86674211710287,6.3236347883640525,1,55.0,84.0,24.5,0.6,0.0,0.01,Medium,imd_climatological_normal
clay,5.4618605867604595,82.33341245313397,0.4207142262895778,9.379148356836527,4.954147141328611,0,55.0,84.0,24.5,0.6,0.0,0.01,Medium,imd_climatological_normal
loam,19.410671893042416,220.18450217738553,0.41718960237273844,80.0,5.953551354584379,0,55.0,84.0,24.5,0.6,0.0,0.35,Medium,imd_climatological_normal
loam,33.68269267332313,2059.670031293665,0.8702846262754341,53.54669869625964,20.178948961673843,1,55.0,84.0,24.5,0.6,0.0,1.32,Medium,imd_climatological_normal
silt,4.703276230186823,157.24455668941195,0.5608699775767445,12.426198336910925,0.597369490761354,1,55.0,84.0,24.5,0.6,0.0,0.29,Medium,imd_climatological_normal
laterite,28.906776269774298,864.9996893008799,0.8184441577179257,9.217232787611765,13.37388134764305,1,55.0,84.0,24.5,0.6,0.0,0.08,Medium,imd_climatological_normal
clay,18.851755036392206,1043.5749996745799,0.6909619245292126,32.13007676825675,7.371006934542564,1,55.0,84.0,24.5,0.6,0.0,0.02,Medium,imd_climatological_normal
loam,37.53783835061465,1852.2845757011469,0.9140567042920085,50.978302490721795,17.133085842585945,0,55.0,84.0,24.5,0.6,0.0,1.78,Medium,imd_climatological_normal
loam,14.312670685894696,307.49011117441194,0.7210209695564582,24.27329155523358,0.5,1,55.0,84.0,24.5,0.6,0.0,0.28,Medium,imd_climatological_normal
silt,11.863358629598036,421.81084286808357,0.6112137754135367,80.0,4.268818011556913,1,55.0,84.0,24.5,0.6,0.0,1.51,Medium,imd_climatological_normal
silt,8.493185702957522,218.42559232639016,0.18796552063316652,80.0,21.00189783943476,0,55.0,84.0,24.5,0.6,0.0,1.25,Medium,imd_climatological_normal
loam,14.62562373449266,1805.9833277039347,0.7019455844412187,2.398857108996912,51.78255091454877,0,55.0,84.0,24.5,0.6,0.0,0.61,Medium,imd_climatological_normal
loam,36.17946242561343,703.9071311953358,0.8379180598459636,20.944127502248122,34.416369199881224,1,55.0,84.0,24.5,0.6,0.0,0.83,Medium,imd_climatological_normal
clay,6.688612061467708,536.3248567688836,0.5946363374154503,6.012679727810044,20.949450981096295,0,55.0,84.0,24.5,0.6,0.0,0.51,Medium,imd_climatological_normal
silt,5.178147569044264,136.79910351404038,0.694936910887036,2.214107091306825,4.225102401347845,0,55.0,84.0,24.5,0.6,0.0,0.1,Medium,imd_climatological_normal
loam,33.31184467203358,2635.7493457218116,0.9396769582583953,52.47412260820692,10.234360206960817,0,55.0,84.0,24.5,0.6,0.0,2.04,Medium,imd_climatological_normal
silt,16.589941180164885,507.4258347622997,0.4194829090053782,45.00831651359283,5.6858773605740565,0,55.0,84.0,24.5,0.6,0.0,0.5,Medium,imd_climatological_normal
clay,56.67865960362076,1932.8691939954733,0.656990536931927,80.0,60.0,1,55.0,84.0,24.5,0.6,0.0,0.53,Medium,imd_climatological_normal
clay,46.8598526588771,2060.106451905143,0.8061405911983363,52.836967960718226,60.0,1,55.0,84.0,24.5,0.6,0.0,0.6,Medium,imd_climatological_normal
silt,14.329274896193525,474.96436836092454,0.16934268404571695,38.6892494085534,4.760063026826384,0,55.0,84.0,24.5,0.6,0.0,2.43,Medium,imd_climatological_normal
clay,45.46325724766793,3251.724047908596,0.8767192273522867,15.58927600111744,22.089585457545475,0,55.0,84.0,24.5,0.6,0.0,0.39,Medium,imd_climatological_normal
loam,10.031929750962892,274.8451837351787,0.5345775652989363,59.05602426893539,13.807983510166906,0,55.0,84.0,24.5,0.6,0.0,0.41,Medium,imd_climatological_normal
silt,9.836122918393777,336.07042761534524,0.6252227840534968,44.48618042826725,12.287863959689414,0,55.0,84.0,24.5,0.6,0.0,0.89,Medium,imd_climatological_normal
silt,31.839025056115844,374.50850986671765,0.8022173047231482,8.576946137188228,11.562855212866138,0,55.0,84.0,24.5,0.6,0.0,0.18,Medium,imd_climatological_normal
rocky,43.09206912242487,2944.9435688014228,0.3813638325515235,18.29063916582456,5.961255807324687,1,55.0,84.0,24.5,0.6,0.0,0.64,Medium,imd_climatological_normal
loam,32.13304015523579,1162.3371537134165,0.892263780803742,12.406675393055417,53.542948255678056,1,55.0,84.0,24.5,0.6,0.0,0.3,Medium,imd_climatological_normal
clay,39.193977892105174,1047.0668720886888,0.6488067467341004,4.5673508228378115,13.930352585065707,0,55.0,84.0,24.5,0.6,0.0,0.26,Medium,imd_climatological_normal
silt,3.8175933768283166,444.41053415321255,0.7690570014471139,24.387003095085813,11.848430391871712,1,55.0,84.0,24.5,0.6,0.0,1.78,Medium,imd_climatological_normal
clay,14.827598484143197,620.2993819400031,0.5303198870677768,0.5,29.84099890568183,1,55.0,84.0,24.5,0.6,0.0,1.43,Medium,imd_climatological_normal
clay,30.979142024651832,827.2610009696172,0.523652397075251,3.921811964899866,2.0844351816852003,1,55.0,84.0,24.5,0.6,0.0,0.72,Medium,imd_climatological_normal
silt,6.907153963523863,70.84980812989836,0.5161990511089559,16.902776699008278,0.5,1,55.0,84.0,24.5,0.6,0.0,0.62,Medium,imd_climatological_normal
loam,18.841544733187863,194.64249799697993,0.7048725157273026,49.609316196117156,9.300267842194522,1,55.0,84.0,24.5,0.6,0.0,0.54,Medium,imd_climatological_normal
loam,9.859716216079958,129.25768821860015,0.6315995040147658,80.0,20.077510693619324,1,55.0,84.0,24.5,0.6,0.0,0.5,Medium,imd_climatological_normal
clay,16.989349280984055,290.1556215966286,0.8369649462429664,51.02148530957129,4.759316043410303,0,55.0,84.0,24.5,0.6,0.0,0.52,Medium,imd_climatological_normal
clay,47.303918092874326,1518.218969387361,0.5484541039379566,0.5,33.50048953509249,1,55.0,84.0,24.5,0.6,0.0,1.87,Medium,imd_climatological_normal
clay,26.07470662834634,148.18118433157449,0.890036141504695,80.0,5.025961335500661,0,55.0,84.0,24.5,0.6,0.0,0.23,Medium,imd_climatological_normal
silt,17.006972090527814,50.0,0.6017398819523184,80.0,0.5419182605930783,1,55.0,84.0,24.5,0.6,0.0,0.16,Medium,imd_climatological_normal
clay,32.226449070750185,706.3526470854466,0.8783643450202049,8.373392990303824,40.28017538653023,0,55.0,84.0,24.5,0.6,0.0,1.38,Medium,imd_climatological_normal
clay,48.85912416228106,823.4016311245967,0.8890964432754943,28.11581486344651,4.343082623641557,1,55.0,84.0,24.5,0.6,0.0,1.05,Medium,imd_climatological_normal
loam,6.721673600470686,203.66957578400056,0.5304677973977877,0.8935918271340367,5.634593549711021,0,55.0,84.0,24.5,0.6,0.0,0.32,Medium,imd_climatological_normal
clay,41.12673469883558,726.1174155339793,0.6870814364619194,8.897841423485312,4.17642080735069,1,55.0,84.0,24.5,0.6,0.0,0.85,Medium,imd_climatological_normal
silt,36.106814276045114,355.3415272976365,0.8672615642895933,30.080742095843203,16.592871032583638,0,55.0,84.0,24.5,0.6,0.0,0.42,Medium,imd_climatological_normal
silt,13.346632259651015,411.941602816157,0.40916735615976285,1.665130606719199,13.582335495174263,0,55.0,84.0,24.5,0.6,0.0,0.78,Medium,imd_climatological_normal
laterite,41.27100597653231,935.3065365947866,0.6685365015167422,8.858404168111962,3.921426724897504,1,55.0,84.0,24.5,0.6,0.0,0.64,Medium,imd_climatological_normal
loam,19.80404639751702,188.08577434803487,0.5760166113448668,74.16442693097619,7.424310299761547,0,55.0,84.0,24.5,0.6,0.0,0.88,Medium,imd_climatological_normal
loam,12.031926150432156,1165.0689933172616,0.6565609800002578,7.156264714261107,7.811355303200436,0,55.0,84.0,24.5,0.6,0.0,1.69,Medium,imd_climatological_normal
clay,15.565834402044558,101.52003570792547,0.5525684118672664,80.0,4.079494411908379,0,55.0,84.0,24.5,0.6,0.0,0.02,Medium,imd_climatological_normal
loam,13.534654731761929,314.81166846348447,0.5237894166260807,80.0,14.377645304337118,1,55.0,84.0,24.5,0.6,0.0,0.73,Medium,imd_climatological_normal
clay,3.512256249946856,50.0,0.4135305229540058,14.71283577932698,7.452653286145395,0,55.0,84.0,24.5,0.6,0.0,0.61,Medium,imd_climatological_normal
loam,20.51559505340255,896.2393895739518,0.5643217335208043,39.15768474669428,9.247736152009134,0,55.0,84.0,24.5,0.6,0.0,1.71,Medium,imd_climatological_normal
clay,27.39225885018378,1802.0984662466071,0.5211384082216217,50.78595663266092,14.07130679257075,0,55.0,84.0,24.5,0.6,0.0,0.08,Medium,imd_climatological_normal
silt,33.20157555608942,262.3542133770466,0.7046623622929804,80.0,0.6079092651634617,0,55.0,84.0,24.5,0.6,0.0,1.04,Medium,imd_climatological_normal
loam,21.14680466612394,1708.1430953582474,0.26642980152681506,42.85448874828428,29.83459271309995,1,55.0,84.0,24.5,0.6,0.0,0.24,Medium,imd_climatological_normal
clay,50.84373701878745,50.0,0.7155027014977758,16.343879890478718,14.555061424921098,1,55.0,84.0,24.5,0.6,0.0,5.29,Critical,imd_climatological_normal
silt,21.262446149864147,280.25713294053753,0.28908555721516244,3.8249589376080335,0.9889751345674083,0,55.0,84.0,24.5,0.6,0.0,0.51,Medium,imd_climatological_normal
silt,11.1257541353193,433.0322466926102,0.19229389791449528,19.192942120981503,33.87624540313234,1,55.0,84.0,24.5,0.6,0.0,0.86,Medium,imd_climatological_normal
loam,11.030129739296939,488.7937528311896,0.5529195416203517,80.0,5.680191323042482,1,55.0,84.0,24.5,0.6,0.0,0.02,Medium,imd_climatological_normal
rocky,22.15485458135391,1787.685302647427,0.218926124648295,31.07711525935531,28.79236310160614,1,55.0,84.0,24.5,0.6,0.0,1.14,Medium,imd_climatological_normal
silt,17.903809589130198,178.70967792383732,0.6303466694475716,11.863235466779663,18.808270075821568,1,55.0,84.0,24.5,0.6,0.0,0.6,Medium,imd_climatological_normal
clay,25.78637502416626,2130.229054633085,0.8394801203633092,9.914237690924061,27.510806303306975,0,55.0,84.0,24.5,0.6,0.0,1.29,Medium,imd_climatological_normal
loam,26.717659740448667,2174.279909903752,0.4612228620274514,15.536144941310955,3.9221492683297074,1,55.0,84.0,24.5,0.6,0.0,0.76,Medium,imd_climatological_normal
clay,28.67610063167782,1859.2454854043208,0.9092877723650485,80.0,27.266488191223846,0,55.0,84.0,24.5,0.6,0.0,0.55,Medium,imd_climatological_normal
clay,13.897235392922255,676.4908719191557,0.8292716832547626,15.246663360990228,21.310085340924722,0,55.0,84.0,24.5,0.6,0.0,0.44,Medium,imd_climatological_normal
loam,26.748594722444444,602.820501719136,0.7062795899097113,13.06853801324752,22.88909274377344,1,55.0,84.0,24.5,0.6,0.0,0.49,Medium,imd_climatological_normal
loam,14.525311002016053,264.22884909313194,0.3949384189817418,26.573930673373553,5.628904331101646,0,55.0,84.0,24.5,0.6,0.0,0.03,Medium,imd_climatological_normal
silt,9.701293384140154,76.78995066313412,0.4469274681002994,4.588058701980569,10.335312204645833,0,55.0,84.0,24.5,0.6,0.0,1.34,Medium,imd_climatological_normal
silt,8.441159539348362,384.942139747997,0.6664465386404159,6.596740129939941,7.6042906232578655,1,55.0,84.0,24.5,0.6,0.0,0.74,Medium,imd_climatological_normal
loam,24.54467771756117,266.60395553517407,0.8138458672419674,80.0,8.14123788576601,0,55.0,84.0,24.5,0.6,0.0,0.61,Medium,imd_climatological_normal
loam,14.607865544849043,477.9558561730124,0.23882917642751586,15.065871837597216,1.0646773985778506,1,55.0,84.0,24.5,0.6,0.0,0.46,Medium,imd_climatological_normal
clay,5.832891652683763,671.3729857173564,0.15709752914661954,41.02084262976326,4.070134772685189,1,55.0,84.0,24.5,0.6,0.0,0.29,Medium,imd_climatological_normal
loam,21.015170961882387,298.4705872713661,0.30561783482796956,80.0,15.200479272341994,0,55.0,84.0,24.5,0.6,0.0,1.18,Medium,imd_climatological_normal
loam,41.73640213620385,1677.9450818826556,0.8383300835141023,24.553290058879753,6.256306947104104,0,55.0,84.0,24.5,0.6,0.0,0.38,Medium,imd_climatological_normal
loam,23.14493231211962,1273.2403584232748,0.7606778419138297,51.51886031692553,60.0,0,55.0,84.0,24.5,0.6,0.0,2.33,Medium,imd_climatological_normal
clay,25.79147172905298,295.43524852266927,0.5368242447349449,80.0,1.1961828216998343,0,55.0,84.0,24.5,0.6,0.0,0.2,Medium,imd_climatological_normal
silt,29.89195571057411,227.2917216721737,0.9366116898051222,80.0,8.659782303704128,0,55.0,84.0,24.5,0.6,0.0,1.51,Medium,imd_climatological_normal
rocky,36.096532828330865,3218.5662398263867,0.37879353053286047,63.659013773972376,25.80712744995465,1,55.0,84.0,24.5,0.6,0.0,2.08,Medium,imd_climatological_normal
clay,3.574556311313141,59.38563338244515,0.8354466207689197,54.34619181234592,2.34374444230551,0,55.0,84.0,24.5,0.6,0.0,0.13,Medium,imd_climatological_normal
sandy_loam,21.48549981142271,601.818679017772,0.5304972209012943,27.98157118940764,12.557641451581594,0,55.0,84.0,24.5,0.6,0.0,1.12,Medium,imd_climatological_normal
laterite,28.40263327600699,1186.9147064102567,0.4611168368366822,6.466228718062647,18.665139841033923,1,55.0,84.0,24.5,0.6,0.0,1.17,Medium,imd_climatological_normal
loam,13.927885280390619,2296.2429071901843,0.2976087798866275,40.04095875902693,5.2933688634769736,0,55.0,84.0,24.5,0.6,0.0,0.53,Medium,imd_climatological_normal
clay,25.60174081148451,1152.3700116983027,0.7222959603070281,4.835258845727334,24.5641165964035,0,55.0,84.0,24.5,0.6,0.0,0.58,Medium,imd_climatological_normal
clay,45.186025698571854,58.539284750729166,0.7849994953099301,29.931344707373945,24.36456374069991,0,55.0,84.0,24.5,0.6,0.0,0.86,Medium,imd_climatological_normal
rocky,30.269114253095537,2053.648988684936,0.6971503723846345,20.93547282262991,12.855977462456952,1,55.0,84.0,24.5,0.6,0.0,0.12,Medium,imd_climatological_normal
rocky,21.692220090430602,2287.15966595757,0.8412132525641268,6.191015273623517,56.9905629830727,0,55.0,84.0,24.5,0.6,0.0,0.39,Medium,imd_climatological_normal
clay,3.0868499715858464,93.30738057567422,0.4150400421974962,3.6189456316841766,10.505229329424678,0,55.0,84.0,24.5,0.6,0.0,0.22,Medium,imd_climatological_normal
clay,23.245587784884705,1253.6790632503157,0.8697530139965768,1.8587367816741913,18.885902650832953,0,55.0,84.0,24.5,0.6,0.0,0.89,Medium,imd_climatological_normal
clay,6.1946961733149415,1184.6941318928518,0.8094986675382233,9.84564712550827,2.274244519331125,0,55.0,84.0,24.5,0.6,0.0,0.76,Medium,imd_climatological_normal
clay,34.56358992041906,2474.4908813450643,0.562912179088234,57.03749139993216,10.166778813271867,0,55.0,84.0,24.5,0.6,0.0,2.16,Medium,imd_climatological_normal
loam,7.909640094915539,372.6671718469088,0.9495970910601625,10.482871287907942,5.42465305497346,1,55.0,84.0,24.5,0.6,0.0,0.82,Medium,imd_climatological_normal
loam,41.640861607484716,1017.9631778713209,0.9412693362070382,15.27788917313102,9.674208198409932,1,55.0,84.0,24.5,0.6,0.0,5.96,High,imd_climatological_normal
clay,43.35203183520083,2360.3717011903755,0.8861477353103847,22.982460343167137,60.0,0,55.0,84.0,24.5,0.6,0.0,0.37,Medium,imd_climatological_normal
rocky,45.52955746047978,1969.9482381574037,0.6977515588672869,19.963505812839095,60.0,0,55.0,84.0,24.5,0.6,0.0,0.0,Medium,imd_climatological_normal
clay,37.29935760402521,890.9247308101566,0.8151829361572565,7.892154265583497,35.739529578503586,1,55.0,84.0,24.5,0.6,0.0,0.2,Medium,imd_climatological_normal
silt,37.84685557589855,1919.0845217862052,0.6864732329130331,14.110821515619937,2.042667649244658,0,55.0,84.0,24.5,0.6,0.0,0.12,Medium,imd_climatological_normal
clay,16.73861196292785,267.17388317044146,0.21666984176628115,25.467018331385642,0.5,0,55.0,84.0,24.5,0.6,0.0,0.51,Medium,imd_climatological_normal
loam,2.5376598789897917,144.65522574266092,0.830165574741385,1.023359564916341,1.8599948960468415,0,55.0,84.0,24.5,0.6,0.0,1.57,Medium,imd_climatological_normal
clay,35.12387984444426,2483.6719659883956,0.8452050196952098,36.81555602208298,54.35072925343135,1,55.0,84.0,24.5,0.6,0.0,0.18,Medium,imd_climatological_normal
rocky,45.89876390684995,1407.947014687535,0.7942079834145828,56.34361042161517,29.693044996534017,1,55.0,84.0,24.5,0.6,0.0,1.74,Medium,imd_climatological_normal
clay,39.69079476021001,1177.661062412574,0.8824992952537525,6.974458019360414,2.3994232940545044,1,38.21,94.89,23.02,0.9,4.4,5.59,High,nasa_power
rocky,32.521294667855635,2403.6922044957973,0.8877708667752733,63.7051521246502,54.02708324256707,0,55.0,84.0,24.5,0.6,0.0,1.63,Medium,imd_climatological_normal
loam,56.93646772489852,1971.727766687034,0.6742662783283219,6.585876629049467,12.218194817915414,1,55.0,84.0,24.5,0.6,0.0,0.14,Medium,imd_climatological_normal
rocky,17.587653835219157,1579.8928475064179,0.5747511015186466,1.044580983490082,3.3060092027217545,0,55.0,84.0,24.5,0.6,0.0,1.01,Medium,imd_climatological_normal
clay,11.733181182015134,483.4080045787481,0.5838829692713585,12.484353161790793,41.13861204562747,1,55.0,84.0,24.5,0.6,0.0,1.25,Medium,imd_climatological_normal
loam,22.784195250061856,122.65926719779407,0.8881916688114607,6.03856815161207,3.8910755058753628,1,55.0,84.0,24.5,0.6,0.0,3.48,Medium,imd_climatological_normal
rocky,39.34609400629044,3237.0154507526277,0.8561867285106288,42.60922413383707,7.06320514920152,0,55.0,84.0,24.5,0.6,0.0,0.81,Medium,imd_climatological_normal
clay,20.6708488308176,397.63446564815047,0.7953627570228526,80.0,4.479670492472272,1,55.0,84.0,24.5,0.6,0.0,1.74,Medium,imd_climatological_normal
loam,38.49393397894657,3500.0,0.8126668005667533,27.284481313247184,60.0,1,55.0,84.0,24.5,0.6,0.0,1.31,Medium,imd_climatological_normal
loam,44.99313358671317,204.9133460773246,0.8138521575217408,13.936689551786847,60.0,0,55.0,84.0,24.5,0.6,0.0,0.02,Medium,imd_climatological_normal
silt,3.197685574781363,105.68460190201054,0.5877215542587768,18.82287948087191,2.3504729542852254,0,55.0,84.0,24.5,0.6,0.0,0.33,Medium,imd_climatological_normal
loam,21.841752404548004,154.53094913185413,0.32808086322352303,64.92573177747938,1.0795478718020806,1,55.0,84.0,24.5,0.6,0.0,0.82,Medium,imd_climatological_normal
clay,38.138057220895604,1300.1813033940339,0.5149989203663087,44.51051481658094,16.370046503490165,1,55.0,84.0,24.5,0.6,0.0,0.89,Medium,imd_climatological_normal
silt,25.309864810255398,543.3511718375755,0.3781436234452939,15.141246597848392,0.5,1,55.0,84.0,24.5,0.6,0.0,0.12,Medium,imd_climatological_normal
rocky,46.621084993192795,3500.0,0.8223179411013466,15.166768888583984,60.0,0,55.0,84.0,24.5,0.6,0.0,0.04,Medium,imd_climatological_normal
clay,54.584362092409215,1543.429515824516,0.8034168501595066,18.700009840805976,13.895468761958774,1,55.0,84.0,24.5,0.6,0.0,0.11,Medium,imd_climatological_normal
sandy_loam,17.76197657313459,748.1891256345732,0.6852735248204497,3.629835772364078,9.372916130431895,1,55.0,84.0,24.5,0.6,0.0,0.25,Medium,imd_climatological_normal
loam,44.61494455009931,2352.520788683594,0.7337289215618759,1.6836908406830906,15.290251011667849,0,55.0,84.0,24.5,0.6,0.0,0.73,Medium,imd_climatological_normal
clay,16.780832070652227,364.1141882494263,0.7931249809622937,80.0,6.873608164789166,0,55.0,84.0,24.5,0.6,0.0,0.02,Medium,imd_climatological_normal
loam,23.614016753896664,668.1872753685138,0.6901982234305727,36.315729553723976,4.587598284210461,1,55.0,84.0,24.5,0.6,0.0,1.54,Medium,imd_climatological_normal
clay,24.437053977072217,1817.1246451918842,0.6977360793787833,48.940812920381944,0.9749938376098413,1,55.0,84.0,24.5,0.6,0.0,1.18,Medium,imd_climatological_normal
clay,15.979851593476905,252.28328743182158,0.5684184994793091,25.394140474139476,0.5,1,55.0,84.0,24.5,0.6,0.0,0.87,Medium,imd_climatological_normal
clay,50.636949882943924,2705.0162237037343,0.6828069621905118,80.0,46.672885928499966,0,55.0,84.0,24.5,0.6,0.0,0.11,Medium,imd_climatological_normal
clay,30.59206481957603,1589.8340516584508,0.6455813210857922,70.75257851920904,2.8324623823357125,1,55.0,84.0,24.5,0.6,0.0,0.01,Medium,imd_climatological_normal
silt,1.0,92.21686628587815,0.5541884851677749,80.0,0.7953634640126395,1,55.0,84.0,24.5,0.6,0.0,0.27,Medium,imd_climatological_normal
clay,28.787190275406402,2184.861567736421,0.7130550117535787,3.16982763218917,17.40074329900934,1,55.0,84.0,24.5,0.6,0.0,0.76,Medium,imd_climatological_normal
silt,4.325720940267837,85.12694259319007,0.35416643906682965,35.50285342746415,10.166944369237022,0,55.0,84.0,24.5,0.6,0.0,0.36,Medium,imd_climatological_normal
laterite,31.422468082489164,915.6160962959543,0.7283530584059841,0.5,6.596801039223884,0,55.0,84.0,24.5,0.6,0.0,0.63,Medium,imd_climatological_normal
clay,38.517779634512536,2430.155752309809,0.6216836133725147,49.99306009200259,8.395064341856258,1,55.0,84.0,24.5,0.6,0.0,0.6,Medium,imd_climatological_normal
loam,26.476084134115165,1699.2072475804166,0.7383839977378686,80.0,39.917693987552994,0,55.0,84.0,24.5,0.6,0.0,1.7,Medium,imd_climatological_normal
laterite,21.5218503294677,376.27927051151414,0.6488833589575573,13.205024822183752,8.339231548408904,0,55.0,84.0,24.5,0.6,0.0,1.58,Medium,imd_climatological_normal
clay,31.138485185758057,2102.4214919451197,0.8488999760964022,50.08789555977372,3.400866398709322,0,55.0,84.0,24.5,0.6,0.0,1.93,Medium,imd_climatological_normal
clay,26.889839093119505,778.8824854376992,0.7309131391538749,26.58058100607738,54.434922457519555,1,55.0,84.0,24.5,0.6,0.0,1.16,Medium,imd_climatological_normal
rocky,38.828465256098646,3500.0,0.6520051794012058,0.8182103725069809,60.0,1,55.0,84.0,24.5,0.6,0.0,0.5,Medium,imd_climatological_normal
loam,18.50459839772874,50.0,0.26950714479491344,19.736298064047258,3.095137069487777,1,55.0,84.0,24.5,0.6,0.0,0.2,Medium,imd_climatological_normal
loam,46.08916257729032,872.7185667126829,0.7208632958921861,46.99545687005062,33.51892343160402,1,55.0,84.0,24.5,0.6,0.0,0.0,Medium,imd_climatological_normal
loam,31.879731596050227,1655.3589653787644,0.95,40.13821202555421,3.0118445004861147,0,55.0,84.0,24.5,0.6,0.0,1.31,Medium,imd_climatological_normal
silt,3.892042288692143,115.00399394391948,0.5517414273644252,60.30087708229529,3.0618232629398117,1,55.0,84.0,24.5,0.6,0.0,0.58,Medium,imd_climatological_normal
loam,21.512742665012027,289.61835058300596,0.4537215291927921,0.5,13.400195814036998,1,55.0,84.0,24.5,0.6,0.0,0.83,Medium,imd_climatological_normal
clay,36.93549991656922,1933.730206138316,0.6838732829239458,0.5,42.39363430838919,0,55.0,84.0,24.5,0.6,0.0,1.17,Medium,imd_climatological_normal
silt,9.78399928805818,66.827837234133,0.3548963781362006,8.045652834025491,2.972075097494156,0,55.0,84.0,24.5,0.6,0.0,0.85,Medium,imd_climatological_normal
loam,26.73890378645234,228.59834568088036,0.3543620642207649,38.0883906656553,2.2330501301058674,1,55.0,84.0,24.5,0.6,0.0,0.59,Medium,imd_climatological_normal
clay,28.088187707730413,611.5899472816405,0.7415818073514466,2.070663926903468,26.767550244970273,1,55.0,84.0,24.5,0.6,0.0,1.74,Medium,imd_climatological_normal
sandy_loam,36.12758738927123,428.2859904823823,0.7633745889035447,0.5,9.670622318908999,1,55.0,84.0,24.5,0.6,0.0,1.46,Medium,imd_climatological_normal
loam,19.383647778090932,357.8584736713605,0.5390017100575035,35.88816367683651,9.400006295312348,1,55.0,84.0,24.5,0.6,0.0,1.25,Medium,imd_climatological_normal
clay,23.05128207663043,402.8484062495953,0.4153980951638877,9.913256827618042,7.0766139019986385,1,55.0,84.0,24.5,0.6,0.0,0.19,Medium,imd_climatological_normal
clay,2.3755290461467293,197.53207616669195,0.6822271384615869,18.045758448413707,7.13500684932805,0,55.0,84.0,24.5,0.6,0.0,0.2,Medium,imd_climatological_normal
laterite,19.903215355796036,923.1304621156246,0.41533649311741583,6.0963315414840595,8.608994244116877,0,55.0,84.0,24.5,0.6,0.0,0.24,Medium,imd_climatological_normal
silt,40.66972158078991,615.0467934369146,0.8954899598378327,17.250847228593592,20.493772488902973,1,55.0,84.0,24.5,0.6,0.0,1.91,Medium,imd_climatological_normal
loam,35.44501650582673,2066.6667103961067,0.9147697942927526,12.502576388724943,14.790689640033424,0,55.0,84.0,24.5,0.6,0.0,0.63,Medium,imd_climatological_normal
loam,45.82424961039337,2291.860495317606,0.5445222868789373,80.0,1.0966188907729313,0,55.0,84.0,24.5,0.6,0.0,5.68,High,imd_climatological_normal
loam,8.098557548881022,401.29199064484726,0.41701930521715314,38.89343524792349,6.740875093693347,1,55.0,84.0,24.5,0.6,0.0,0.12,Medium,imd_climatological_normal
clay,12.812085857831743,542.1677176039973,0.40368929611126797,37.402496534791524,9.060859927885046,0,55.0,84.0,24.5,0.6,0.0,0.68,Medium,imd_climatological_normal
loam,14.73476107212445,3063.2577633764813,0.7895523652924569,9.76796686194527,7.858166556910535,1,55.0,84.0,24.5,0.6,0.0,2.13,Medium,imd_climatological_normal
silt,16.71103870549541,428.5891955100968,0.35464989560374555,18.728698017699436,1.2999538448373298,0,55.0,84.0,24.5,0.6,0.0,1.17,Medium,imd_climatological_normal
loam,42.870166564723135,3500.0,0.8814823730269082,25.368082348444997,17.04054906343452,0,55.0,84.0,24.5,0.6,0.0,0.56,Medium,imd_climatological_normal
clay,39.410133634643245,2451.929416052508,0.31736868715305444,61.052669302853054,60.0,0,55.0,84.0,24.5,0.6,0.0,0.37,Medium,imd_climatological_normal
clay,10.22802029284344,406.3395331014828,0.3947573578219309,6.522236125955402,2.7305786805572496,1,55.0,84.0,24.5,0.6,0.0,0.76,Medium,imd_climatological_normal
clay,19.872243203240256,2649.325820166204,0.28934956225458613,80.0,4.254199659261854,0,55.0,84.0,24.5,0.6,0.0,0.54,Medium,imd_climatological_normal
rocky,39.35178323718719,2072.3882056127563,0.770912115569185,14.538891103350288,16.889297017795872,1,55.0,84.0,24.5,0.6,0.0,0.03,Medium,imd_climatological_normal
clay,29.432349522694246,1267.9265282354463,0.744938804686234,80.0,23.27895237721702,0,55.0,84.0,24.5,0.6,0.0,1.95,Medium,imd_climatological_normal
silt,19.330461898367446,476.8683841665321,0.16969083485227976,23.262660744824796,30.808777859251762,0,55.0,84.0,24.5,0.6,0.0,0.24,Medium,imd_climatological_normal
loam,48.88541433509614,2287.333164996562,0.6563286256878637,4.184273179159795,6.6508203727125546,0,55.0,84.0,24.5,0.6,0.0,0.14,Medium,imd_climatological_normal
laterite,18.004212954161723,866.4727837740559,0.18720246412037575,11.947543927803123,3.4095215520301405,1,55.0,84.0,24.5,0.6,0.0,0.83,Medium,imd_climatological_normal
loam,27.49661101474544,890.0199582055711,0.5366483833475755,3.3970519244478723,29.80581331023361,1,55.0,84.0,24.5,0.6,0.0,0.04,Medium,imd_climatological_normal
loam,25.244492205441727,1279.2822050279192,0.9087512205873249,8.989455509647236,7.998887912639078,1,55.0,84.0,24.5,0.6,0.0,0.29,Medium,imd_climatological_normal
silt,33.532003510100985,439.9034440295121,0.6163679617510006,13.996800417066579,8.435318810619147,1,55.0,84.0,24.5,0.6,0.0,0.06,Medium,imd_climatological_normal
laterite,29.590159629955853,1254.7895471394697,0.8111822823719409,0.8646915173529318,11.789535528244997,1,55.0,84.0,24.5,0.6,0.0,2.1,Medium,imd_climatological_normal
clay,22.51602523464299,2774.322929492371,0.9071966679481233,5.642496736479277,6.445415129331855,1,55.0,84.0,24.5,0.6,0.0,0.57,Medium,imd_climatological_normal
clay,61.738801184091415,2058.5914946543007,0.6926555703060654,8.948311752772456,14.058407763114447,1,55.0,84.0,24.5,0.6,0.0,0.53,Medium,imd_climatological_normal
loam,5.773896888499182,445.69012890021855,0.7234392153568863,71.36072887470081,10.198309268418965,1,55.0,84.0,24.5,0.6,0.0,0.66,Medium,imd_climatological_normal
clay,28.229975385716084,496.5499342159995,0.5550591599500511,16.986763340408263,1.2290972486456295,1,55.0,84.0,24.5,0.6,0.0,0.68,Medium,imd_climatological_normal
silt,22.773164349364365,1525.3258169265555,0.493270350148622,13.76623902325381,12.648319450989407,0,55.0,84.0,24.5,0.6,0.0,0.66,Medium,imd_climatological_normal
silt,12.164483383196462,85.37310004186575,0.45867633173370587,80.0,25.769055379330375,0,55.0,84.0,24.5,0.6,0.0,0.24,Medium,imd_climatological_normal
clay,45.86442721506375,1292.1683715879396,0.5774328832261757,1.8819273578126041,5.3083098938670785,1,55.0,84.0,24.5,0.6,0.0,0.34,Medium,imd_climatological_normal
rocky,36.85002952342235,2981.4383313695384,0.6576417435203485,10.494318704954395,29.19720744920789,1,55.0,84.0,24.5,0.6,0.0,3.91,Medium,imd_climatological_normal
loam,20.274144664791397,377.1543501599949,0.5600495586147366,58.756496661738,40.02055414726734,0,55.0,84.0,24.5,0.6,0.0,0.31,Medium,imd_climatological_normal
loam,54.08110952383363,2771.7193942108597,0.8648459458127414,13.945254798119548,15.560812640207642,1,55.0,84.0,24.5,0.6,0.0,2.93,Medium,imd_climatological_normal
silt,28.57732162761541,1005.1920673415925,0.8216273114277256,2.5217317398816332,10.871977039575182,0,55.0,84.0,24.5,0.6,0.0,1.24,Medium,imd_climatological_normal
laterite,56.625691061528215,1278.3370874909676,0.4174878030645979,36.03939409343473,7.861554311305474,0,55.0,84.0,24.5,0.6,0.0,0.22,Medium,imd_climatological_normal
clay,41.26136385972926,960.5692052405417,0.1832954074354012,4.531126901451762,41.071662325385006,1,55.0,84.0,24.5,0.6,0.0,0.43,Medium,imd_climatological_normal
loam,4.441928489373119,387.5341997179264,0.6187061585929126,29.20956093488599,5.759436370383155,0,55.0,84.0,24.5,0.6,0.0,0.29,Medium,imd_climatological_normal
silt,8.7108530622096,322.7334963677642,0.6612747539906917,4.553826250860596,3.1531567286150097,1,55.0,84.0,24.5,0.6,0.0,3.13,Medium,imd_climatological_normal
clay,14.439053351772953,429.464466595806,0.7907156690544659,24.094015621559222,9.95477056450213,1,55.0,84.0,24.5,0.6,0.0,0.73,Medium,imd_climatological_normal
rocky,24.404019754790497,342.3988582783668,0.7689898719142344,80.0,39.91027969073927,0,55.0,84.0,24.5,0.6,0.0,0.03,Medium,imd_climatological_normal
loam,64.80433929632864,2213.665162048922,0.7859708244323895,1.9447725062717844,58.90230515421804,1,55.0,84.0,24.5,0.6,0.0,0.11,Medium,imd_climatological_normal
loam,33.72400871748804,1988.5139641845678,0.4166126764714709,64.6568428531177,60.0,1,55.0,84.0,24.5,0.6,0.0,0.05,Medium,imd_climatological_normal
loam,25.319673785373006,780.627820944612,0.6975268594266378,0.8068530556287833,60.0,1,55.0,84.0,24.5,0.6,0.0,1.38,Medium,imd_climatological_normal
clay,6.657472956566707,84.87976433061566,0.38445712020934225,26.604412105731846,2.7289764368888543,0,55.0,84.0,24.5,0.6,0.0,0.09,Medium,imd_climatological_normal
loam,14.328014182230447,50.0,0.29844896673243076,80.0,1.3468123904907077,0,55.0,84.0,24.5,0.6,0.0,1.75,Medium,imd_climatological_normal
silt,24.4610058528787,741.4961187136691,0.21122657475905865,3.1498332710034855,10.775577812189976,0,55.0,84.0,24.5,0.6,0.0,0.52,Medium,imd_climatological_normal
clay,9.243851374201826,480.5059474670032,0.7041123387596538,40.03814581324233,7.125159395737397,0,55.0,84.0,24.5,0.6,0.0,0.05,Medium,imd_climatological_normal
rocky,41.34656307923607,417.32732885737937,0.7079140312381692,80.0,60.0,0,55.0,84.0,24.5,0.6,0.0,1.49,Medium,imd_climatological_normal
loam,37.298653775543414,3500.0,0.6790958540612967,7.415174069845672,38.41892285519802,0,55.0,84.0,24.5,0.6,0.0,0.89,Medium,imd_climatological_normal
clay,41.025490345973964,942.7542392169371,0.5422480238444578,9.446882425615355,16.081007491262785,0,55.0,84.0,24.5,0.6,0.0,1.68,Medium,imd_climatological_normal
clay,14.650915333577958,380.6156001202072,0.2981877871320285,1.7121827842143111,3.330007534061188,0,55.0,84.0,24.5,0.6,0.0,1.32,Medium,imd_climatological_normal
clay,20.897776130211895,1358.9884154821268,0.8025405342198364,9.048106158389603,26.316782846904438,1,55.0,84.0,24.5,0.6,0.0,2.07,Medium,imd_climatological_normal
loam,19.65884734436878,50.0,0.8226452637620866,29.188258310502707,11.48978843563368,0,55.0,84.0,24.5,0.6,0.0,0.91,Medium,imd_climatological_normal
clay,30.81077923819058,2197.7898007166323,0.688253355492028,80.0,14.674324175306246,1,55.0,84.0,24.5,0.6,0.0,0.76,Medium,imd_climatological_normal
silt,27.446428774222646,404.9889862446644,0.6511464268185068,30.63115834419001,5.409640584007205,0,55.0,84.0,24.5,0.6,0.0,0.44,Medium,imd_climatological_normal
rocky,33.88442171956455,1885.3972619217861,0.8272289579653609,5.057721447240944,5.763799968597319,1,55.0,84.0,24.5,0.6,0.0,0.01,Medium,imd_climatological_normal
silt,4.787285003704939,72.18348889970235,0.6741075808978721,44.335888366038006,2.7751907958610507,0,55.0,84.0,24.5,0.6,0.0,0.56,Medium,imd_climatological_normal
clay,46.6403610612187,755.2436871548953,0.35098086435077763,39.7539067229179,60.0,0,55.0,84.0,24.5,0.6,0.0,0.15,Medium,imd_climatological_normal
loam,32.710652202812284,409.1545156539786,0.8281577932706707,65.98736877421234,20.93240756649404,0,55.0,84.0,24.5,0.6,0.0,0.28,Medium,imd_climatological_normal
silt,21.590423286768793,406.8131595988018,0.5877955930056191,6.8280243247488235,0.5,0,55.0,84.0,24.5,0.6,0.0,3.74,Medium,imd_climatological_normal
clay,45.19578817070264,1977.7243027873394,0.2305645748587202,15.773502929468087,60.0,0,55.0,84.0,24.5,0.6,0.0,0.88,Medium,imd_climatological_normal
silt,17.77469304976418,317.54527525867917,0.5989728366534007,79.07401248959468,10.207597142934535,1,55.0,84.0,24.5,0.6,0.0,1.13,Medium,imd_climatological_normal
clay,38.23063667059255,1571.6291835731586,0.870182518167975,70.61848991540386,60.0,0,55.0,84.0,24.5,0.6,0.0,0.12,Medium,imd_climatological_normal
loam,11.954215483464463,360.75943166705446,0.6510656585969684,10.260840996525777,0.7145651629738715,0,55.0,84.0,24.5,0.6,0.0,0.19,Medium,imd_climatological_normal
clay,17.209047554068377,457.80888923008797,0.645998846099898,50.204824326954544,15.12578209788898,1,55.0,84.0,24.5,0.6,0.0,0.56,Medium,imd_climatological_normal
loam,13.382304768310254,538.924819942432,0.8275411964444126,25.873334878838808,1.103776066918403,0,55.0,84.0,24.5,0.6,0.0,1.15,Medium,imd_climatological_normal
clay,21.46753759480519,929.6098380911536,0.6385691822484332,2.1195449993658384,0.5,1,55.0,84.0,24.5,0.6,0.0,1.34,Medium,imd_climatological_normal
loam,43.408388818873675,566.5385112332556,0.5991385077726243,0.5,33.51025780248887,1,55.0,84.0,24.5,0.6,0.0,0.01,Medium,imd_climatological_normal
clay,27.309151528349453,826.5121054296545,0.8652730326311207,0.5,11.693610373298386,1,55.0,84.0,24.5,0.6,0.0,1.39,Medium,imd_climatological_normal
silt,22.26478512245981,50.0,0.7385206920940997,4.676499603811141,4.044388633645186,1,55.0,84.0,24.5,0.6,0.0,1.52,Medium,imd_climatological_normal
loam,15.207219221626008,229.57450924397784,0.9059856007320098,80.0,5.216994775673099,0,55.0,84.0,24.5,0.6,0.0,0.06,Medium,imd_climatological_normal
clay,24.981406273819577,2213.703792940689,0.5855269046817367,20.25836799405979,60.0,1,55.0,84.0,24.5,0.6,0.0,2.04,Medium,imd_climatological_normal
clay,35.58886501301709,1025.2365144390897,0.5781261632189374,13.773447485367832,6.743354936779391,1,55.0,84.0,24.5,0.6,0.0,0.15,Medium,imd_climatological_normal
silt,4.616082434819162,101.9101057178661,0.34604293640164885,80.0,26.009681393262177,1,55.0,84.0,24.5,0.6,0.0,0.82,Medium,imd_climatological_normal
silt,12.939758465074423,50.0,0.49238637484626563,0.7037011707981246,11.26994381309685,0,55.0,84.0,24.5,0.6,0.0,0.38,Medium,imd_climatological_normal
clay,43.659738744902604,414.6121162335023,0.5272354646829199,14.519168304296885,14.269074767045575,1,55.0,84.0,24.5,0.6,0.0,0.91,Medium,imd_climatological_normal
silt,9.714084288832879,596.2459631902266,0.676491941825976,10.22249793722225,2.7685922550628552,0,55.0,84.0,24.5,0.6,0.0,0.4,Medium,imd_climatological_normal
loam,14.929179809199491,261.7865843287871,0.7109579048416832,80.0,1.7840212761763194,0,55.0,84.0,24.5,0.6,0.0,0.54,Medium,imd_climatological_normal
laterite,25.211396797048618,1231.4286484021477,0.7110061811436025,29.130154417408846,41.43002627553636,0,55.0,84.0,24.5,0.6,0.0,0.26,Medium,imd_climatological_normal
clay,28.722015831322715,288.80556610070323,0.8591816589917898,70.21738348478532,0.5,0,55.0,84.0,24.5,0.6,0.0,0.97,Medium,imd_climatological_normal
clay,20.488766933596317,422.5676130414075,0.95,6.150278158650989,2.933408508599644,0,55.0,84.0,24.5,0.6,0.0,1.72,Medium,imd_climatological_normal
clay,49.17624387174539,1275.8070600776828,0.5409750815349008,59.40057125564825,60.0,1,55.0,84.0,24.5,0.6,0.0,2.61,Medium,imd_climatological_normal
clay,50.70548719112243,1934.3689810967994,0.611388315528403,18.901499951644066,0.5,1,55.0,84.0,24.5,0.6,0.0,0.63,Medium,imd_climatological_normal
loam,40.22858531359264,1908.7589945308303,0.36809636516045097,57.332543619562294,25.963559720036997,1,55.0,84.0,24.5,0.6,0.0,1.53,Medium,imd_climatological_normal
loam,42.82617384907497,3500.0,0.95,9.279530299237562,34.547600627842215,1,55.0,84.0,24.5,0.6,0.0,0.25,Medium,imd_climatological_normal
loam,15.624842378853556,454.92749746815673,0.2774418115084995,0.5,14.61222393554622,1,55.0,84.0,24.5,0.6,0.0,0.79,Medium,imd_climatological_normal
clay,1.0,394.062597823391,0.949225894040304,30.643788492071554,3.9459438357588734,1,55.0,84.0,24.5,0.6,0.0,2.95,Medium,imd_climatological_normal
silt,18.26434634025743,724.2131907572586,0.9218794455018111,61.66170604528581,10.383606345554043,0,55.0,84.0,24.5,0.6,0.0,0.27,Medium,imd_climatological_normal
clay,13.517858229160927,248.93564379930075,0.7345491902067468,14.161067139994651,19.736246750110077,0,55.0,84.0,24.5,0.6,0.0,1.33,Medium,imd_climatological_normal
loam,20.87213565058185,1982.0834978142036,0.6351366968444035,20.93613515544068,51.47051222161147,0,55.0,84.0,24.5,0.6,0.0,0.09,Medium,imd_climatological_normal
rocky,40.18058300723466,2444.8652900766233,0.8200095919984343,56.764656974779456,60.0,1,55.0,84.0,24.5,0.6,0.0,0.6,Medium,imd_climatological_normal
silt,14.054595866717928,542.7637646010921,0.5266814485278989,80.0,3.540915716804343,0,55.0,84.0,24.5,0.6,0.0,0.07,Medium,imd_climatological_normal
clay,3.2434134751089525,97.63976776323767,0.36138021487724903,47.17632042047911,4.018415522468396,0,55.0,84.0,24.5,0.6,0.0,0.38,Medium,imd_climatological_normal
silt,1.6894237681756858,74.03397059857566,0.41876070160655643,73.07931531649888,2.4813164647043995,0,55.0,84.0,24.5,0.6,0.0,0.08,Medium,imd_climatological_normal
clay,17.54966812736857,1070.0744467048496,0.8672890568838835,1.8417417697061695,7.953462350574091,0,55.0,84.0,24.5,0.6,0.0,0.07,Medium,imd_climatological_normal
rocky,20.134750885252053,2452.5088678207076,0.911859422445734,80.0,4.303659722447019,1,55.0,84.0,24.5,0.6,0.0,1.74,Medium,imd_climatological_normal
clay,46.049095944262646,1617.8643793262395,0.40453391137008166,15.956188714638609,29.34977342126288,1,55.0,84.0,24.5,0.6,0.0,0.09,Medium,imd_climatological_normal
loam,14.111493384918731,302.6262771741083,0.769400914024035,80.0,3.165976185060588,0,55.0,84.0,24.5,0.6,0.0,0.61,Medium,imd_climatological_normal
loam,37.51698108588663,1239.7380333583797,0.703051907962803,54.81557124019063,16.76156582079281,0,55.0,84.0,24.5,0.6,0.0,0.24,Medium,imd_climatological_normal
clay,17.828575436928332,947.215942236058,0.8206410913959328,58.072349343725385,2.8598065517000926,0,55.0,84.0,24.5,0.6,0.0,0.55,Medium,imd_climatological_normal
silt,3.443743752717421,104.90075618450325,0.3354320378837299,66.01168141667522,10.24079983864852,0,55.0,84.0,24.5,0.6,0.0,0.09,Medium,imd_climatological_normal
loam,33.24497443408086,2589.8373029309573,0.7404568428516386,80.0,15.090663933527573,1,55.0,84.0,24.5,0.6,0.0,0.29,Medium,imd_climatological_normal
loam,19.80404639751702,188.08577434803487,0.5760166113448668,74.16442693097619,7.424310299761547,0,55.0,84.0,24.5,0.6,0.0,0.25,Medium,imd_climatological_normal
rocky,29.865614728451103,1436.4454859120217,0.709122433114198,53.89074877822554,22.5334305384749,0,55.0,84.0,24.5,0.6,0.0,0.58,Medium,imd_climatological_normal
loam,18.211927205907617,308.762921146333,0.29894286255238883,55.690449212352334,1.5891897799895305,1,55.0,84.0,24.5,0.6,0.0,0.07,Medium,imd_climatological_normal
loam,36.21896412279812,1389.0367666872976,0.7082515074553806,38.342228821298136,4.787572442057223,1,55.0,84.0,24.5,0.6,0.0,0.63,Medium,imd_climatological_normal
clay,10.689243637615776,392.4194461763642,0.6039196913979843,20.329434115234385,12.11439678095924,1,55.0,84.0,24.5,0.6,0.0,1.38,Medium,imd_climatological_normal
clay,39.60542007252627,1580.453476541175,0.754941340129613,3.568054595630489,2.702173534533134,0,55.0,84.0,24.5,0.6,0.0,0.49,Medium,imd_climatological_normal
loam,60.85094147521788,2426.5835381663046,0.5099674556221176,18.69547770904972,22.123020764865355,0,55.0,84.0,24.5,0.6,0.0,0.15,Medium,imd_climatological_normal
laterite,32.19934588785272,1122.4632543715281,0.8949259798590354,13.97463343315105,2.870505012576218,1,55.0,84.0,24.5,0.6,0.0,1.0,Medium,imd_climatological_normal
clay,25.330267333789283,552.2380815158517,0.6602216223768028,80.0,9.565616920133527,1,55.0,84.0,24.5,0.6,0.0,0.78,Medium,imd_climatological_normal
clay,17.987866620474453,553.8598644372978,0.621664540311278,8.660958983104099,13.060198495110562,0,55.0,84.0,24.5,0.6,0.0,0.49,Medium,imd_climatological_normal
silt,7.209887176314409,641.6711446633352,0.1703746180227955,65.22594285045318,11.879355491326072,0,55.0,84.0,24.5,0.6,0.0,0.67,Medium,imd_climatological_normal
clay,38.30103125350741,2382.3242994468264,0.677788625643879,30.960397996155375,35.9087386402143,1,55.0,84.0,24.5,0.6,0.0,0.96,Medium,imd_climatological_normal
silt,12.427806263645486,269.1670937210131,0.4797690225883541,30.59776563800732,14.833496719674603,1,55.0,84.0,24.5,0.6,0.0,0.18,Medium,imd_climatological_normal
rocky,21.980614268478075,1701.4296611004322,0.8099784675121353,18.675899184872833,2.2475945167382023,0,55.0,84.0,24.5,0.6,0.0,0.03,Medium,imd_climatological_normal
clay,45.29035045379118,1513.5035355988773,0.8887856021931201,3.7755997481953822,12.226576189069013,1,55.0,84.0,24.5,0.6,0.0,0.5,Medium,imd_climatological_normal
rocky,53.40119045310746,2678.7095191641984,0.7671975529122778,45.32146632574337,60.0,1,55.0,84.0,24.5,0.6,0.0,0.11,Medium,imd_climatological_normal
loam,24.47686611855394,1053.3244483996232,0.7719129422168124,19.953080537658327,0.6440219681411459,0,55.0,84.0,24.5,0.6,0.0,0.54,Medium,imd_climatological_normal
clay,20.846443749511316,184.6432872448768,0.25134671662159125,34.66084674602407,17.849020478809766,0,55.0,84.0,24.5,0.6,0.0,1.38,Medium,imd_climatological_normal
loam,48.134686720873376,1252.1529130435754,0.46594223061700424,1.9170073920902762,4.748299671360372,0,55.0,84.0,24.5,0.6,0.0,1.57,Medium,imd_climatological_normal
clay,19.928489882159383,519.7170401269423,0.5583272150222245,18.187297689739665,0.5,1,55.0,84.0,24.5,0.6,0.0,0.32,Medium,imd_climatological_normal
silt,8.588565155542435,335.57232167465037,0.40793088621012263,22.795062583271758,2.8297637525897534,0,55.0,84.0,24.5,0.6,0.0,1.6,Medium,imd_climatological_normal
clay,27.346925029665606,1160.9015160985573,0.7296208007563384,1.059758433227105,12.056290795840987,1,55.0,84.0,24.5,0.6,0.0,0.23,Medium,imd_climatological_normal
silt,14.292641030706125,208.0314210186908,0.7951097405981518,80.0,35.168854456560325,0,55.0,84.0,24.5,0.6,0.0,0.84,Medium,imd_climatological_normal
silt,26.1185870084243,329.72133961920173,0.3899058529138895,6.563358622408901,22.677263326402688,1,55.0,84.0,24.5,0.6,0.0,0.24,Medium,imd_climatological_normal
loam,20.764220807522676,416.9060615701468,0.3476361089059393,22.826900207833567,9.47250341177314,1,55.0,84.0,24.5,0.6,0.0,0.13,Medium,imd_climatological_normal
loam,37.98386455659447,2000.5418222515518,0.611259042291152,4.037406765800049,7.368855610717914,0,55.0,84.0,24.5,0.6,0.0,1.03,Medium,imd_climatological_normal
loam,40.845588597724465,2133.3484347677363,0.5091372171538464,60.548915998663794,0.5,0,55.0,84.0,24.5,0.6,0.0,0.12,Medium,imd_climatological_normal
loam,22.391790189880215,928.1047127767345,0.7375779998935211,8.588737771588386,4.398778549981074,0,55.0,84.0,24.5,0.6,0.0,0.87,Medium,imd_climatological_normal
laterite,23.340880505342255,1345.5472912425926,0.8950005145488589,33.71085231237392,21.81319055297908,0,55.0,84.0,24.5,0.6,0.0,0.14,Medium,imd_climatological_normal
clay,28.46048930941637,1861.6538099180198,0.7733064986170671,25.863573724247058,18.45412466228342,0,55.0,84.0,24.5,0.6,0.0,0.82,Medium,imd_climatological_normal
clay,25.215492743715465,443.21191293343327,0.7564269820675587,80.0,13.994851650492429,0,55.0,84.0,24.5,0.6,0.0,0.74,Medium,imd_climatological_normal
clay,54.479662760225516,794.7483314924268,0.6422473268484045,21.477783907945728,12.062083737317352,0,55.0,84.0,24.5,0.6,0.0,1.47,Medium,imd_climatological_normal
loam,17.624179955595157,674.4352799205603,0.7817067494033793,80.0,20.22161300390082,1,55.0,84.0,24.5,0.6,0.0,0.06,Medium,imd_climatological_normal
silt,2.7161687275013566,111.21947218218797,0.6020768269625737,11.967781379612378,0.9532199219688885,0,27.72,91.43,23.44,0.94,0.0,2.16,Medium,nasa_power
loam,23.26307419539928,165.43363598754038,0.47607974500193084,22.349836238914772,23.525761201485402,0,55.0,84.0,24.5,0.6,0.0,0.97,Medium,imd_climatological_normal
loam,1.0,56.26152637393586,0.8811598772279965,77.14345466157421,6.284341880226514,0,55.0,84.0,24.5,0.6,0.0,4.42,Medium,imd_climatological_normal
clay,21.70649677344197,283.46354082328685,0.7057296757762579,5.0026031607918755,1.5605328252008304,1,55.0,84.0,24.5,0.6,0.0,0.27,Medium,imd_climatological_normal
clay,32.6299559633828,1541.2102221878697,0.5869744223603363,30.922644556439437,44.044659345675214,1,55.0,84.0,24.5,0.6,0.0,0.61,Medium,imd_climatological_normal
loam,6.437922868433274,235.87347784573547,0.24456144456256787,4.437371108567823,8.012670793971692,1,55.0,84.0,24.5,0.6,0.0,1.22,Medium,imd_climatological_normal
rocky,27.8135430006798,2712.722849858395,0.6284056812273753,23.629333002152833,42.205434248689784,1,55.0,84.0,24.5,0.6,0.0,1.44,Medium,imd_climatological_normal
clay,40.690965383814174,2217.5558836725477,0.6375717209361504,80.0,42.4354379915901,0,55.0,84.0,24.5,0.6,0.0,0.2,Medium,imd_climatological_normal
laterite,12.860180868930202,966.9951918502512,0.8020974790742064,0.5,4.923037603613848,0,55.0,84.0,24.5,0.6,0.0,1.87,Medium,imd_climatological_normal
loam,17.83297935080185,326.7374038515048,0.524416126338672,21.721555216872876,37.97010059084019,0,55.0,84.0,24.5,0.6,0.0,0.98,Medium,imd_climatological_normal
silt,35.750659323838775,712.8745748661775,0.8559382565105914,5.827887727173797,37.54799686860194,1,55.0,84.0,24.5,0.6,0.0,0.71,Medium,imd_climatological_normal
rocky,47.58270225037851,1265.3964102011555,0.8992294404136764,11.381949001340331,28.578584965909876,0,55.0,84.0,24.5,0.6,0.0,0.37,Medium,imd_climatological_normal
laterite,30.0481708309294,1126.0130775152566,0.6198715393644757,23.023857552130693,0.9705246906173118,1,55.0,84.0,24.5,0.6,0.0,2.07,Medium,imd_climatological_normal
silt,21.44702470379384,175.44841510623675,0.739266717117598,30.34176840319411,10.504549315144633,0,55.0,84.0,24.5,0.6,0.0,1.13,Medium,imd_climatological_normal
loam,12.662987921858022,357.50858002728455,0.8611709870091206,16.56945728234359,11.499712755649563,0,55.0,84.0,24.5,0.6,0.0,0.05,Medium,imd_climatological_normal
loam,7.142789423167125,294.1118889361643,0.5140048371422359,80.0,3.6203085658141116,1,55.0,84.0,24.5,0.6,0.0,0.15,Medium,imd_climatological_normal
loam,45.690790449611605,629.1567419585481,0.755903294033491,16.393477982801272,25.116608076062054,1,55.0,84.0,24.5,0.6,0.0,1.14,Medium,imd_climatological_normal
clay,19.126332299663535,50.0,0.3208308534992811,15.987056907147062,43.828668491453335,1,55.0,84.0,24.5,0.6,0.0,1.23,Medium,imd_climatological_normal
loam,14.385371841119495,373.23783956572134,0.5485347154783751,80.0,7.102057050333707,0,55.0,84.0,24.5,0.6,0.0,3.0,Medium,imd_climatological_normal
clay,29.517066012838193,559.5752898806949,0.6633228405356414,50.486404672584264,22.491162786462784,0,55.0,84.0,24.5,0.6,0.0,0.38,Medium,imd_climatological_normal
loam,41.750659323838775,1118.0244048126483,0.8707945051587753,10.198803522554146,60.0,1,55.0,84.0,24.5,0.6,0.0,0.16,Medium,imd_climatological_normal
silt,41.67671811567265,50.0,0.6935419969822667,11.514168696364921,3.9327765884586263,1,55.0,84.0,24.5,0.6,0.0,0.68,Medium,imd_climatological_normal
rocky,27.084163452544864,1770.8739063168468,0.7449923033190013,80.0,7.6374891625182295,0,55.0,84.0,24.5,0.6,0.0,0.86,Medium,imd_climatological_normal
silt,19.374213259335043,544.163406736659,0.6465077703499632,74.786254000391,13.234083994452146,0,55.0,84.0,24.5,0.6,0.0,1.69,Medium,imd_climatological_normal
loam,23.78239879164927,284.84500475272444,0.4142313404706286,23.581820428977238,5.94427647439322,1,55.0,84.0,24.5,0.6,0.0,0.3,Medium,imd_climatological_normal
silt,25.928532438789283,161.20102119956024,0.48088416517452437,2.074435690023139,13.734586279128912,0,55.0,84.0,24.5,0.6,0.0,0.74,Medium,imd_climatological_normal
clay,26.271321485724677,2236.7360098616336,0.5626885536091246,11.72864956413295,20.405612907457797,1,55.0,84.0,24.5,0.6,0.0,0.99,Medium,imd_climatological_normal
loam,4.206051326378317,86.31987993944348,0.6919083362960315,3.7168464865634046,0.7419681812925175,0,55.0,84.0,24.5,0.6,0.0,1.02,Medium,imd_climatological_normal
clay,36.86375606048902,3069.843658897759,0.8168163053002684,20.637516261838552,60.0,0,55.0,84.0,24.5,0.6,0.0,0.2,Medium,imd_climatological_normal
clay,43.45419869628121,1540.571194691656,0.8607799721415189,39.32797519197552,60.0,0,55.0,84.0,24.5,0.6,0.0,2.55,Medium,imd_climatological_normal
laterite,14.884610632478887,1012.9211094508281,0.6784060605620388,2.1015660936309732,3.4213410581762123,1,55.0,84.0,24.5,0.6,0.0,0.27,Medium,imd_climatological_normal
laterite,26.782091356950765,1138.8135259758103,0.6690758171596948,3.976912019601298,23.42517365356741,1,10.35,86.94,28.41,0.76,0.0,2.23,Medium,nasa_power
loam,29.560332834457128,1659.69847067387,0.6016467276091656,80.0,30.952125283006954,0,55.0,84.0,24.5,0.6,0.0,1.72,Medium,imd_climatological_normal
loam,39.82920419266296,1550.808851254321,0.4627471013756168,15.688033907768936,4.498352291699091,0,55.0,84.0,24.5,0.6,0.0,0.29,Medium,imd_climatological_normal
laterite,41.91283130035984,1168.3771310166287,0.7585443911702654,7.186373058538101,1.359566606970985,1,55.0,84.0,24.5,0.6,0.0,0.33,Medium,imd_climatological_normal
loam,13.21072882991567,552.2391445948383,0.43779757474910896,13.381070242797803,5.218090643142101,0,55.0,84.0,24.5,0.6,0.0,1.12,Medium,imd_climatological_normal
silt,7.479754304399777,270.5946941744841,0.7317940018481252,25.033030719496093,30.507224413092423,0,55.0,84.0,24.5,0.6,0.0,1.02,Medium,imd_climatological_normal
loam,6.426249643348724,113.92914780391031,0.6777152650455192,74.54334530263432,13.054748529604682,1,55.0,84.0,24.5,0.6,0.0,1.5,Medium,imd_climatological_normal
loam,2.2582748299130246,50.0,0.9294248091295455,12.791959924248763,6.742111000996126,1,55.0,84.0,24.5,0.6,0.0,0.21,Medium,imd_climatological_normal
silt,6.665905280287993,100.35710973144433,0.49501231051333744,18.298340075044536,1.016264344773013,1,55.0,84.0,24.5,0.6,0.0,1.03,Medium,imd_climatological_normal
sandy_loam,29.269797890101174,989.3665338585994,0.5973590191659952,6.132772255340401,20.991649602139436,1,55.0,84.0,24.5,0.6,0.0,0.44,Medium,imd_climatological_normal
laterite,31.18268263888342,1432.7136637210199,0.671103741394138,2.8697345862687156,6.362812732090971,1,55.0,84.0,24.5,0.6,0.0,0.42,Medium,imd_climatological_normal
silt,18.854076540594058,417.3451022931083,0.4902957618103524,18.46236678462611,19.33336593934961,0,55.0,84.0,24.5,0.6,0.0,0.88,Medium,imd_climatological_normal
clay,14.970671019873752,359.34751412845844,0.8306701460276903,0.5,4.409453315961581,0,55.0,84.0,24.5,0.6,0.0,0.1,Medium,imd_climatological_normal
loam,21.658739975188617,50.0,0.4471405164553474,33.723190403181526,8.864159210894783,0,55.0,84.0,24.5,0.6,0.0,0.59,Medium,imd_climatological_normal
clay,30.40264327385538,1409.8804283825218,0.8694027304748282,36.341685081523806,47.65258613075849,0,55.0,84.0,24.5,0.6,0.0,0.08,Medium,imd_climatological_normal
loam,23.22014233823733,734.9132582818661,0.8764022636858875,24.71733182066245,19.252427662477164,1,55.0,84.0,24.5,0.6,0.0,0.06,Medium,imd_climatological_normal
loam,14.641372300608595,412.63080689604817,0.6366453350973308,4.2554502272564605,9.084620071041526,1,55.0,84.0,24.5,0.6,0.0,0.47,Medium,imd_climatological_normal
loam,1.0,358.6307270383235,0.2680570862081596,24.138409454566403,17.923314777744938,0,55.0,84.0,24.5,0.6,0.0,0.42,Medium,imd_climatological_normal
rocky,19.586083079917103,1717.3584656168516,0.8380750147887378,3.5874783793076377,39.521519125009924,0,55.0,84.0,24.5,0.6,0.0,0.38,Medium,imd_climatological_normal
clay,25.706066427454807,638.4277580486308,0.46844223411560004,5.9512466105313955,8.709281244678968,0,55.0,84.0,24.5,0.6,0.0,0.67,Medium,imd_climatological_normal
silt,25.200663962236426,2047.5228625552227,0.8504659782807814,0.7169375529361992,21.725819799923247,1,55.0,84.0,24.5,0.6,0.0,0.38,Medium,imd_climatological_normal
laterite,24.462573409912526,1096.216755277715,0.7239521937408882,3.2788070002838374,3.9748514675353848,1,55.0,84.0,24.5,0.6,0.0,0.02,Medium,imd_climatological_normal
clay,28.501274970970947,1589.0043216391273,0.8344212945059122,6.492170375412842,5.969880327059776,0,55.0,84.0,24.5,0.6,0.0,0.01,Medium,imd_climatological_normal
clay,32.53096592853488,538.6507473918207,0.5098181549852528,9.149285713697616,5.370970636611986,1,55.0,84.0,24.5,0.6,0.0,0.21,Medium,imd_climatological_normal
silt,13.348443696859977,403.1328854434589,0.7273852734761918,14.991986290019403,6.220682491891585,1,55.0,84.0,24.5,0.6,0.0,2.58,Medium,imd_climatological_normal
loam,31.82438883174628,1895.602031482302,0.6428203838631085,43.15413980674075,35.0302397769686,0,55.0,84.0,24.5,0.6,0.0,1.61,Medium,imd_climatological_normal
silt,19.244639485374208,408.4246207945296,0.5196066897051164,80.0,0.6203282154762813,0,55.0,84.0,24.5,0.6,0.0,0.61,Medium,imd_climatological_normal
loam,14.25280551574326,365.91201165602797,0.8720396302953081,12.358508585023232,22.448505131255494,0,55.0,84.0,24.5,0.6,0.0,3.39,High,imd_climatological_normal
clay,23.63566709059948,2441.8020341186016,0.7392455303309315,66.88062093271257,2.957265218195959,0,55.0,84.0,24.5,0.6,0.0,0.77,Medium,imd_climatological_normal
laterite,20.452904659118655,1372.502422900277,0.7969057689425159,0.6376595348901354,7.867833630589943,1,55.0,84.0,24.5,0.6,0.0,0.25,Medium,imd_climatological_normal
clay,45.30570940207329,2314.836424703285,0.9198980054417993,38.01193448330207,60.0,1,55.0,84.0,24.5,0.6,0.0,0.31,Medium,imd_climatological_normal
clay,7.132976779377482,134.57178328218708,0.6756235572065469,13.661761411809925,6.945786282157979,0,55.0,84.0,24.5,0.6,0.0,1.14,Medium,imd_climatological_normal
loam,11.658186827696372,2459.890869528454,0.8380105290769889,78.10047460828731,7.666772870938477,0,55.0,84.0,24.5,0.6,0.0,1.98,Medium,imd_climatological_normal
loam,36.51727823176812,2432.1837192089665,0.9109527158990665,5.130421694808627,60.0,1,55.0,84.0,24.5,0.6,0.0,0.05,Medium,imd_climatological_normal
clay,19.388717664136976,957.9415334358235,0.6847403759033421,5.251696124867321,14.609633922399551,1,55.0,84.0,24.5,0.6,0.0,2.11,Medium,imd_climatological_normal
loam,36.90486095961909,1960.0345961334538,0.8595177322581306,0.5,18.142665512451572,1,55.0,84.0,24.5,0.6,0.0,0.58,Medium,imd_climatological_normal
clay,56.146039560212046,1391.033385354424,0.6666580983369025,80.0,23.436885319268196,0,55.0,84.0,24.5,0.6,0.0,0.56,Medium,imd_climatological_normal
clay,23.74422063447136,1237.3273969603022,0.8928925815878367,12.921308443057288,7.3726953265798825,1,55.0,84.0,24.5,0.6,0.0,0.23,Medium,imd_climatological_normal
rocky,19.107905158715095,2194.339641276974,0.5456285933656654,17.566325690542165,60.0,0,55.0,84.0,24.5,0.6,0.0,1.01,Medium,imd_climatological_normal
loam,2.57038576353634,203.1771677462447,0.8910044636119491,13.847019277294518,0.5,0,55.0,84.0,24.5,0.6,0.0,1.67,Medium,imd_climatological_normal
clay,8.057298600788547,250.82482986598174,0.3956388201128072,26.906688700573454,4.309610340552336,0,55.0,84.0,24.5,0.6,0.0,1.53,Medium,imd_climatological_normal
rocky,25.64459532533966,1893.5787062984455,0.4673850949735714,35.37785726100814,17.779977913984244,1,55.0,84.0,24.5,0.6,0.0,0.6,Medium,imd_climatological_normal
loam,7.385838871775228,70.86970644433205,0.8545778919843209,10.57919362656679,4.871564940111219,1,55.0,84.0,24.5,0.6,0.0,0.33,Medium,imd_climatological_normal
clay,15.490395065273672,284.2462685811731,0.6358021183511255,37.02500432571856,17.1488009750855,1,55.0,84.0,24.5,0.6,0.0,0.57,Medium,imd_climatological_normal
clay,6.344014967792795,384.74209222702865,0.6399761628755177,2.2057009390743083,4.028435508427133,1,55.0,84.0,24.5,0.6,0.0,1.42,Medium,imd_climatological_normal
loam,34.18035868674917,992.1972552246983,0.3647385058467647,2.8858163208696905,17.813465049012017,1,55.0,84.0,24.5,0.6,0.0,0.77,Medium,imd_climatological_normal
loam,14.340188467802774,573.4200564817281,0.4694226769568301,44.70993078779314,7.372982641857721,0,55.0,84.0,24.5,0.6,0.0,0.05,Medium,imd_climatological_normal
clay,44.262182930755635,1129.7833208608001,0.8214506744162142,15.836715713951413,5.081525730382818,1,55.0,84.0,24.5,0.6,0.0,0.15,Medium,imd_climatological_normal
laterite,33.38945653174266,1171.7582402864437,0.6215258647733098,7.911381584097862,8.119300243804147,1,16.88,88.29,27.53,0.98,0.0,3.84,Medium,nasa_power
clay,19.694312033130206,2694.62277294467,0.6776896393557148,13.17488121959515,29.07496780663354,0,55.0,84.0,24.5,0.6,0.0,0.12,Medium,imd_climatological_normal
silt,7.848973592631926,659.9446612876134,0.3669249526746994,80.0,23.89800782776145,0,55.0,84.0,24.5,0.6,0.0,2.08,Medium,imd_climatological_normal
clay,12.239475894539137,523.6722618798948,0.8392723178873871,17.270898175299227,3.3090370150848796,0,55.0,84.0,24.5,0.6,0.0,1.27,Medium,imd_climatological_normal
silt,12.63153397035595,397.1109837756386,0.9235826913433681,8.715682712789178,10.342811943357194,1,55.0,84.0,24.5,0.6,0.0,1.33,Medium,imd_climatological_normal
loam,6.214943431606088,50.0,0.9206080409339706,80.0,30.200350790191425,1,55.0,84.0,24.5,0.6,0.0,0.29,Medium,imd_climatological_normal
loam,17.624655980328523,241.14956632100183,0.3142143628110146,35.51499042325411,6.90396844316571,0,55.0,84.0,24.5,0.6,0.0,0.23,Medium,imd_climatological_normal
silt,23.02841752706671,203.8255520618474,0.6772161246250571,43.79343420519907,3.0458477696178097,0,55.0,84.0,24.5,0.6,0.0,2.29,Medium,imd_climatological_normal
silt,17.25662159110256,50.0,0.3448125103223524,2.0492354974166624,16.600086666095496,0,55.0,84.0,24.5,0.6,0.0,0.59,Medium,imd_climatological_normal
loam,45.45256022154498,1291.08192107513,0.5665857654285811,13.546371787805832,2.777069216862808,0,55.0,84.0,24.5,0.6,0.0,1.44,Medium,imd_climatological_normal
clay,6.41283462943454,403.05381855915306,0.3894798724408831,62.01628243007561,0.9443218416237593,0,55.0,84.0,24.5,0.6,0.0,3.43,Medium,imd_climatological_normal
clay,39.07568855502924,1057.996903041903,0.6705814888577504,13.220710644024422,9.050349624069346,1,55.0,84.0,24.5,0.6,0.0,0.2,Medium,imd_climatological_normal
silt,5.831208187649836,97.44035515152436,0.5600392300261121,14.615537884231857,10.996999913159108,1,55.0,84.0,24.5,0.6,0.0,0.32,Medium,imd_climatological_normal
loam,19.97660965421703,476.141715518796,0.6994011679910577,6.506318447818362,14.655576682271032,0,55.0,84.0,24.5,0.6,0.0,0.51,Medium,imd_climatological_normal
silt,1.0,80.26837296169836,0.7570338476788143,20.436267442373936,0.511481239232869,1,55.0,84.0,24.5,0.6,0.0,5.34,High,imd_climatological_normal
clay,29.01739692290218,254.567377356186,0.6605241529585125,16.47284811827861,2.5003482467726728,0,55.0,84.0,24.5,0.6,0.0,0.17,Medium,imd_climatological_normal
loam,24.035535903485112,2117.2311893165456,0.52297376952828,17.74521598712785,6.160668792904239,1,55.0,84.0,24.5,0.6,0.0,4.58,Medium,imd_climatological_normal
clay,39.22927442251971,1175.089051437353,0.6292556296423742,15.166263506154147,2.1760771436454434,0,55.0,84.0,24.5,0.6,0.0,0.2,Medium,imd_climatological_normal
rocky,25.717350214852004,1777.477867947022,0.5920444552808085,16.06083161033864,60.0,0,55.0,84.0,24.5,0.6,0.0,0.29,Medium,imd_climatological_normal
clay,19.471439429290687,1347.1851525268667,0.7263955783943955,24.840801572653856,60.0,0,55.0,84.0,24.5,0.6,0.0,0.05,Medium,imd_climatological_normal
loam,13.500963085493302,572.8153921772034,0.6116913735830881,27.383613564840296,32.61866882600481,0,55.0,84.0,24.5,0.6,0.0,0.96,Medium,imd_climatological_normal
rocky,33.329095381304235,251.12944366620604,0.8710546434870963,48.37359193495176,5.209952131815747,1,55.0,84.0,24.5,0.6,0.0,0.06,Medium,imd_climatological_normal
loam,8.049098565518268,368.23236767918195,0.8178192152999405,80.0,11.285634752542917,0,55.0,84.0,24.5,0.6,0.0,0.05,Medium,imd_climatological_normal
loam,17.00749656720521,211.03292743326728,0.9352227185754609,21.079562317820407,3.827502144277532,1,55.0,84.0,24.5,0.6,0.0,1.09,Medium,imd_climatological_normal
rocky,47.65501273094998,654.0604818220936,0.8141883683136171,0.7436113458694197,12.513340443043559,1,55.0,84.0,24.5,0.6,0.0,0.03,Medium,imd_climatological_normal
loam,39.81193011222283,870.6057906743775,0.7570307646923231,23.944845728509694,0.5,0,55.0,84.0,24.5,0.6,0.0,0.78,Medium,imd_climatological_normal
clay,10.698629751705036,593.1336648664784,0.6121612408145388,12.523344134101272,9.865552536584477,0,55.0,84.0,24.5,0.6,0.0,1.33,Medium,imd_climatological_normal
clay,3.4123386453595037,104.60719487659699,0.8214454387366911,31.0105091003097,20.337549991026343,0,55.0,84.0,24.5,0.6,0.0,1.64,Medium,imd_climatological_normal
clay,37.022913156277234,1426.5643095202313,0.717114668317487,11.538136715069783,11.106427074918193,1,55.0,84.0,24.5,0.6,0.0,0.06,Medium,imd_climatological_normal
clay,44.91410595215959,2139.0905487007776,0.8204499547808566,31.755135789334517,60.0,0,55.0,84.0,24.5,0.6,0.0,0.58,Medium,imd_climatological_normal
clay,14.102049382111188,751.2059701478568,0.4325431840489513,6.774441498607691,8.854574918186792,1,55.0,84.0,24.5,0.6,0.0,1.32,Medium,imd_climatological_normal
clay,16.851743433512194,50.0,0.584364110400965,13.396706721558754,1.3332001896216812,0,55.0,84.0,24.5,0.6,0.0,0.44,Medium,imd_climatological_normal
silt,4.88352893434196,114.38295114273129,0.35689371673394665,30.39044391797974,9.950125074162663,0,55.0,84.0,24.5,0.6,0.0,0.3,Medium,imd_climatological_normal
clay,36.10583435319274,2568.522424925728,0.6638275393267247,38.31310222243013,30.777182890277295,1,55.0,84.0,24.5,0.6,0.0,0.32,Medium,imd_climatological_normal
loam,20.057618404021014,361.6162888545899,0.6327030611739809,35.9123318988307,7.312994034602154,0,55.0,84.0,24.5,0.6,0.0,2.48,Medium,imd_climatological_normal
loam,31.422977203429614,887.1406927004206,0.5981935355353879,15.934400781497002,19.05897984760162,0,55.0,84.0,24.5,0.6,0.0,0.63,Medium,imd_climatological_normal
loam,20.600388677980494,833.023448222654,0.8742189144989637,11.743437716551009,6.864405354398874,1,55.0,84.0,24.5,0.6,0.0,0.34,Medium,imd_climatological_normal
silt,21.606479937651844,119.98550346264585,0.6832878625016372,51.6442002449448,26.579301831927474,1,55.0,84.0,24.5,0.6,0.0,0.24,Medium,imd_climatological_normal
silt,22.346994015200284,823.4840056057947,0.5411842192512564,32.98285560412622,19.059352953323845,0,55.0,84.0,24.5,0.6,0.0,0.88,Medium,imd_climatological_normal
loam,1.0,81.58707577047176,0.323185616449201,80.0,0.8748232298466112,1,55.0,84.0,24.5,0.6,0.0,0.04,Medium,imd_climatological_normal
loam,12.904837678949914,324.5233236928743,0.636016734615274,6.885600122181796,2.853238732361133,1,55.0,84.0,24.5,0.6,0.0,1.02,Medium,imd_climatological_normal
loam,8.850579448179337,422.2287037401917,0.3752116106604574,8.569290242649759,2.459659337044059,1,55.0,84.0,24.5,0.6,0.0,0.46,Medium,imd_climatological_normal
clay,20.39805469110034,504.72786589214417,0.23686750749643187,57.13283177115871,19.688119406208394,0,55.0,84.0,24.5,0.6,0.0,2.84,Medium,imd_climatological_normal
silt,18.55375654030188,497.49262563668435,0.6369342783375669,40.760789235728495,1.3051987633625344,1,55.0,84.0,24.5,0.6,0.0,0.76,Medium,imd_climatological_normal
clay,27.45030159917529,2268.5863327633765,0.5769080016135223,9.479345307545259,13.646246849693608,1,55.0,84.0,24.5,0.6,0.0,1.13,Medium,imd_climatological_normal
clay,32.420149075877376,1244.5562046144842,0.7177267410732273,5.3725471176871595,3.5282598025796723,1,55.0,84.0,24.5,0.6,0.0,0.68,Medium,imd_climatological_normal
clay,22.496480162129085,772.2827910118003,0.6796637672496214,5.383626300465969,1.14061432272996,0,55.0,84.0,24.5,0.6,0.0,0.6,Medium,imd_climatological_normal
loam,48.71163524228293,2202.28507961008,0.6606754641961488,30.264934228106803,8.326629565429359,1,55.0,84.0,24.5,0.6,0.0,0.48,Medium,imd_climatological_normal
clay,30.061987613328633,2650.9004318324955,0.8080698500997969,80.0,60.0,0,55.0,84.0,24.5,0.6,0.0,3.6,Medium,imd_climatological_normal
silt,22.215939265960507,559.9430730897982,0.6135903789165728,4.211494642146473,4.362521971523222,0,55.0,84.0,24.5,0.6,0.0,0.48,Medium,imd_climatological_normal
clay,22.496480162129085,772.2827910118003,0.6796637672496214,5.383626300465969,1.14061432272996,0,55.0,84.0,24.5,0.6,0.0,0.89,Medium,imd_climatological_normal
laterite,32.985381336429455,716.695546700086,0.3208521330771523,16.72016642177107,5.5384587087741375,1,55.0,84.0,24.5,0.6,0.0,0.04,Medium,imd_climatological_normal
loam,33.549080585207015,2306.5637110704497,0.5258933355627625,10.27470123909367,28.259937245779188,0,55.0,84.0,24.5,0.6,0.0,1.14,Medium,imd_climatological_normal
rocky,37.02874881702576,1350.984222490425,0.8891969086677994,80.0,4.764873011801532,0,55.0,84.0,24.5,0.6,0.0,0.14,Medium,imd_climatological_normal
loam,19.16256981711083,331.5115455371139,0.8752083719557213,45.03064604598891,13.281132804107143,0,55.0,84.0,24.5,0.6,0.0,0.47,Medium,imd_climatological_normal
silt,15.440619492229102,467.02073348527324,0.7644986809327812,71.2776528192922,15.465632621229206,0,55.0,84.0,24.5,0.6,0.0,0.37,Medium,imd_climatological_normal
clay,18.11683523057527,737.368805110766,0.9324999103728869,8.347063317674412,17.691652528989678,0,55.0,84.0,24.5,0.6,0.0,0.03,Medium,imd_climatological_normal
silt,14.31103827779527,454.9042152294312,0.8875963492677963,64.27607771822052,16.111912045841418,0,55.0,84.0,24.5,0.6,0.0,1.5,Medium,imd_climatological_normal
loam,50.91458602742027,1085.3675892879983,0.571632972891174,13.096108621561733,16.634530621624968,1,55.0,84.0,24.5,0.6,0.0,0.03,Medium,imd_climatological_normal
